artist_name,artist_id,album_id,album_type,album_images,album_release_date,album_release_year,album_release_date_precision,danceability,energy,key,loudness,mode,speechiness,acousticness,instrumentalness,liveness,valence,tempo,track_id,analysis_url,time_signature,artists,available_markets,disc_number,duration_ms,explicit,track_href,is_local,track_name,track_preview_url,track_number,type,track_uri,external_urls.spotify,album_name,key_name,mode_name,key_mode
BTS,3Nrfpe0tUJi4K4DXYWgMUX,0F4cbmRj5QrxoxjZt9ymj5,album,,2013-09-11,2013,day,0.455,0.9,7,-5.029,1,0.393,0.272,0,0.0945,0.188,150.14,4UsZqOP27JQ2rw8oneyA3u,https://api.spotify.com/v1/audio-analysis/4UsZqOP27JQ2rw8oneyA3u,4,,,1,70531,FALSE,https://api.spotify.com/v1/tracks/4UsZqOP27JQ2rw8oneyA3u,FALSE,"Intro: O!RUL8,2?",https://p.scdn.co/mp3-preview/92fa103ed75c5871ae6fa0ee3dd89c94ba3ed756?cid=454ac19c68f841c7a9f712be19a65d51,1,track,spotify:track:4UsZqOP27JQ2rw8oneyA3u,https://open.spotify.com/track/4UsZqOP27JQ2rw8oneyA3u,ORUL,G,major,G major
BTS,3Nrfpe0tUJi4K4DXYWgMUX,0F4cbmRj5QrxoxjZt9ymj5,album,,2013-09-11,2013,day,0.595,0.914,11,-3.764,0,0.166,0.0389,0,0.457,0.572,146.89,1LcCz89Hsjh4HoQ7Ah28YJ,https://api.spotify.com/v1/audio-analysis/1LcCz89Hsjh4HoQ7Ah28YJ,4,,,1,209751,FALSE,https://api.spotify.com/v1/tracks/1LcCz89Hsjh4HoQ7Ah28YJ,FALSE,N.O,https://p.scdn.co/mp3-preview/cd07244f4229c427cd03dfd22c62a2b46cb77207?cid=454ac19c68f841c7a9f712be19a65d51,2,track,spotify:track:1LcCz89Hsjh4HoQ7Ah28YJ,https://open.spotify.com/track/1LcCz89Hsjh4HoQ7Ah28YJ,ORUL,B,minor,B minor
BTS,3Nrfpe0tUJi4K4DXYWgMUX,0F4cbmRj5QrxoxjZt9ymj5,album,,2013-09-11,2013,day,0.801,0.797,2,-4.319,0,0.163,0.0405,2.39e-6,0.115,0.801,97.009,3jX9lICPbNF8QE8x313mOn,https://api.spotify.com/v1/audio-analysis/3jX9lICPbNF8QE8x313mOn,4,,,1,230885,FALSE,https://api.spotify.com/v1/tracks/3jX9lICPbNF8QE8x313mOn,FALSE,We On,https://p.scdn.co/mp3-preview/ed7c3aa57ca0642cfce2e0e33f62f2b447abaf16?cid=454ac19c68f841c7a9f712be19a65d51,3,track,spotify:track:3jX9lICPbNF8QE8x313mOn,https://open.spotify.com/track/3jX9lICPbNF8QE8x313mOn,ORUL,D,minor,D minor
BTS,3Nrfpe0tUJi4K4DXYWgMUX,0F4cbmRj5QrxoxjZt9ymj5,album,,2013-09-11,2013,day,0.535,0.382,1,-18.76,1,0.645,0.852,0,0.311,0.609,86.969,0ENRwNYjzIrgBnamMBeY9k,https://api.spotify.com/v1/audio-analysis/0ENRwNYjzIrgBnamMBeY9k,4,,,1,148072,FALSE,https://api.spotify.com/v1/tracks/0ENRwNYjzIrgBnamMBeY9k,FALSE,Skit: R U Happy Now?,https://p.scdn.co/mp3-preview/f72ce2bd0082d54a439312e66d53db1bfa440bb0?cid=454ac19c68f841c7a9f712be19a65d51,4,track,spotify:track:0ENRwNYjzIrgBnamMBeY9k,https://open.spotify.com/track/0ENRwNYjzIrgBnamMBeY9k,ORUL,C#,major,C# major
BTS,3Nrfpe0tUJi4K4DXYWgMUX,0F4cbmRj5QrxoxjZt9ymj5,album,,2013-09-11,2013,day,0.744,0.725,7,-6.29,1,0.112,0.0434,0,0.296,0.729,95.981,4OFJQGfoDWCyp1YthHL0gq,https://api.spotify.com/v1/audio-analysis/4OFJQGfoDWCyp1YthHL0gq,4,,,1,247450,FALSE,https://api.spotify.com/v1/tracks/4OFJQGfoDWCyp1YthHL0gq,FALSE,If I Ruled the World,https://p.scdn.co/mp3-preview/d1cc8db0c564c55bfcc4515763967ecf37e0c3e1?cid=454ac19c68f841c7a9f712be19a65d51,5,track,spotify:track:4OFJQGfoDWCyp1YthHL0gq,https://open.spotify.com/track/4OFJQGfoDWCyp1YthHL0gq,ORUL,G,major,G major
BTS,3Nrfpe0tUJi4K4DXYWgMUX,0F4cbmRj5QrxoxjZt9ymj5,album,,2013-09-11,2013,day,0.656,0.798,0,-6.608,1,0.103,0.00862,0,0.321,0.573,92.031,2ZsqJCubApdarpPggUdQ0N,https://api.spotify.com/v1/audio-analysis/2ZsqJCubApdarpPggUdQ0N,4,,,1,260433,FALSE,https://api.spotify.com/v1/tracks/2ZsqJCubApdarpPggUdQ0N,FALSE,Coffee,https://p.scdn.co/mp3-preview/60dd3227a50c154a4f1076bd0a455bfcc7f6e41e?cid=454ac19c68f841c7a9f712be19a65d51,6,track,spotify:track:2ZsqJCubApdarpPggUdQ0N,https://open.spotify.com/track/2ZsqJCubApdarpPggUdQ0N,ORUL,C,major,C major
BTS,3Nrfpe0tUJi4K4DXYWgMUX,0F4cbmRj5QrxoxjZt9ymj5,album,,2013-09-11,2013,day,0.751,0.903,2,-5.413,1,0.354,0.539,0,0.343,0.858,96.548,5WAoVYnzr2s8IETVra8Lp2,https://api.spotify.com/v1/audio-analysis/5WAoVYnzr2s8IETVra8Lp2,4,,,1,131192,FALSE,https://api.spotify.com/v1/tracks/5WAoVYnzr2s8IETVra8Lp2,FALSE,BTS Cypher Pt.1,https://p.scdn.co/mp3-preview/a7c87de44e35f0aff14b720bc76224087c7c7d56?cid=454ac19c68f841c7a9f712be19a65d51,7,track,spotify:track:5WAoVYnzr2s8IETVra8Lp2,https://open.spotify.com/track/5WAoVYnzr2s8IETVra8Lp2,ORUL,D,major,D major
BTS,3Nrfpe0tUJi4K4DXYWgMUX,0F4cbmRj5QrxoxjZt9ymj5,album,,2013-09-11,2013,day,0.693,0.392,5,-6.615,1,0.0439,0.0508,0,0.144,0.472,131.863,2sm4KD9SSGCA4YB0DeMqac,https://api.spotify.com/v1/audio-analysis/2sm4KD9SSGCA4YB0DeMqac,4,,,1,86044,FALSE,https://api.spotify.com/v1/tracks/2sm4KD9SSGCA4YB0DeMqac,FALSE,Outro: Luv in Skool,https://p.scdn.co/mp3-preview/4d4f14a86cd94f600700ab61cfe76595bd529719?cid=454ac19c68f841c7a9f712be19a65d51,10,track,spotify:track:2sm4KD9SSGCA4YB0DeMqac,https://open.spotify.com/track/2sm4KD9SSGCA4YB0DeMqac,ORUL,F,major,F major
BTS,3Nrfpe0tUJi4K4DXYWgMUX,6rWmdSJIaGTVtdMJQ35Lvf,album,,2013-09-11,2013,day,0.72,0.962,11,-2.555,0,0.268,0.2,0,0.165,0.667,118.025,06PapYCtVDlprJPgGELabn,https://api.spotify.com/v1/audio-analysis/06PapYCtVDlprJPgGELabn,4,,,1,246525,FALSE,https://api.spotify.com/v1/tracks/06PapYCtVDlprJPgGELabn,FALSE,Attack on Bangtan,https://p.scdn.co/mp3-preview/9359e0482c1c3b494d081f75778974ddfb7e4d6e?cid=454ac19c68f841c7a9f712be19a65d51,8,track,spotify:track:06PapYCtVDlprJPgGELabn,https://open.spotify.com/track/06PapYCtVDlprJPgGELabn,ORUL,B,minor,B minor
BTS,3Nrfpe0tUJi4K4DXYWgMUX,6rWmdSJIaGTVtdMJQ35Lvf,album,,2013-09-11,2013,day,0.564,0.945,11,-3.11,0,0.243,0.0789,0,0.0873,0.871,105.018,3VlYMpSmYooLpzLiRBBfbX,https://api.spotify.com/v1/audio-analysis/3VlYMpSmYooLpzLiRBBfbX,4,,,1,205061,FALSE,https://api.spotify.com/v1/tracks/3VlYMpSmYooLpzLiRBBfbX,FALSE,Paldogangsan,https://p.scdn.co/mp3-preview/a7e7e10449a7967f64ad6e42af123a12541cc06c?cid=454ac19c68f841c7a9f712be19a65d51,9,track,spotify:track:3VlYMpSmYooLpzLiRBBfbX,https://open.spotify.com/track/3VlYMpSmYooLpzLiRBBfbX,ORUL,B,minor,B minor
BTS,3Nrfpe0tUJi4K4DXYWgMUX,097ZQ0Gq6L9yGLZ4dggE60,album,,2013-06-12,2013,day,0.894,0.835,8,-6.249,1,0.245,0.179,0.266,0.179,0.532,94.871,7Cpc7MMITsvZkHj9qDNy06,https://api.spotify.com/v1/audio-analysis/7Cpc7MMITsvZkHj9qDNy06,4,,,1,63786,FALSE,https://api.spotify.com/v1/tracks/7Cpc7MMITsvZkHj9qDNy06,FALSE,Intro: 2 Cool 4 Skool,https://p.scdn.co/mp3-preview/84cd356460abd622520c5a2a6634465e9de98ee1?cid=454ac19c68f841c7a9f712be19a65d51,1,track,spotify:track:7Cpc7MMITsvZkHj9qDNy06,https://open.spotify.com/track/7Cpc7MMITsvZkHj9qDNy06,2_Cool_4_Skool,G#,major,G# major
BTS,3Nrfpe0tUJi4K4DXYWgMUX,097ZQ0Gq6L9yGLZ4dggE60,album,,2013-06-12,2013,day,0.753,0.95,8,-5.09,0,0.16,0.0104,6.32e-6,0.134,0.868,144.02,65F5dc7hvt7CYJPgZcxD3V,https://api.spotify.com/v1/audio-analysis/65F5dc7hvt7CYJPgZcxD3V,4,,,1,223933,FALSE,https://api.spotify.com/v1/tracks/65F5dc7hvt7CYJPgZcxD3V,FALSE,We Are Bulletproof Pt.2,https://p.scdn.co/mp3-preview/c369948962e1a60d01c284e0f01433fdc423f49f?cid=454ac19c68f841c7a9f712be19a65d51,2,track,spotify:track:65F5dc7hvt7CYJPgZcxD3V,https://open.spotify.com/track/65F5dc7hvt7CYJPgZcxD3V,2_Cool_4_Skool,G#,minor,G# minor
BTS,3Nrfpe0tUJi4K4DXYWgMUX,097ZQ0Gq6L9yGLZ4dggE60,album,,2013-06-12,2013,day,0.598,0.356,9,-18.009,1,0.802,0.912,0,0.913,0.817,121.045,2hiTlY9lbrzWiydJgU1wTr,https://api.spotify.com/v1/audio-analysis/2hiTlY9lbrzWiydJgU1wTr,3,,,1,131906,FALSE,https://api.spotify.com/v1/tracks/2hiTlY9lbrzWiydJgU1wTr,FALSE,Skit: Circle Room Talk,https://p.scdn.co/mp3-preview/f4c70d545ed06c37731e67930a3bcab31315c34c?cid=454ac19c68f841c7a9f712be19a65d51,3,track,spotify:track:2hiTlY9lbrzWiydJgU1wTr,https://open.spotify.com/track/2hiTlY9lbrzWiydJgU1wTr,2_Cool_4_Skool,A,major,A major
BTS,3Nrfpe0tUJi4K4DXYWgMUX,097ZQ0Gq6L9yGLZ4dggE60,album,,2013-06-12,2013,day,0.438,0.864,2,-5.185,1,0.47,0.0118,1.66e-6,0.431,0.594,167.898,0ojxwqmaRaSTRy9HpSUjjM,https://api.spotify.com/v1/audio-analysis/0ojxwqmaRaSTRy9HpSUjjM,4,,,1,222066,FALSE,https://api.spotify.com/v1/tracks/0ojxwqmaRaSTRy9HpSUjjM,FALSE,No More Dream,https://p.scdn.co/mp3-preview/57660681261bd9933f251ad44c57cded1a76a5aa?cid=454ac19c68f841c7a9f712be19a65d51,4,track,spotify:track:0ojxwqmaRaSTRy9HpSUjjM,https://open.spotify.com/track/0ojxwqmaRaSTRy9HpSUjjM,2_Cool_4_Skool,D,major,D major
BTS,3Nrfpe0tUJi4K4DXYWgMUX,097ZQ0Gq6L9yGLZ4dggE60,album,,2013-06-12,2013,day,0.914,0.276,1,-13.392,0,0.319,0.494,0.762,0.392,0.854,125.897,7g7ON9sP9Xf9d2sFsoVa01,https://api.spotify.com/v1/audio-analysis/7g7ON9sP9Xf9d2sFsoVa01,4,,,1,52440,FALSE,https://api.spotify.com/v1/tracks/7g7ON9sP9Xf9d2sFsoVa01,FALSE,Interlude,https://p.scdn.co/mp3-preview/dedd3c6711e88077841ee9a3100a231d1407be74?cid=454ac19c68f841c7a9f712be19a65d51,5,track,spotify:track:7g7ON9sP9Xf9d2sFsoVa01,https://open.spotify.com/track/7g7ON9sP9Xf9d2sFsoVa01,2_Cool_4_Skool,C#,minor,C# minor
BTS,3Nrfpe0tUJi4K4DXYWgMUX,097ZQ0Gq6L9yGLZ4dggE60,album,,2013-06-12,2013,day,0.688,0.515,7,-11.608,1,0.523,0.536,0,0.189,0.852,94.077,71dAJIpEcQ9yk5TduS7Y62,https://api.spotify.com/v1/audio-analysis/71dAJIpEcQ9yk5TduS7Y62,4,,,1,323640,FALSE,https://api.spotify.com/v1/tracks/71dAJIpEcQ9yk5TduS7Y62,FALSE,Outro: Circle Room Cypher,https://p.scdn.co/mp3-preview/0b64e9647f33ddbfe6fbfc286fa3c2ff3d31c1bd?cid=454ac19c68f841c7a9f712be19a65d51,7,track,spotify:track:71dAJIpEcQ9yk5TduS7Y62,https://open.spotify.com/track/71dAJIpEcQ9yk5TduS7Y62,2_Cool_4_Skool,G,major,G major
BTS,3Nrfpe0tUJi4K4DXYWgMUX,6egaEe9JaULuUCkihSnYlH,album,,2013-06-12,2013,day,0.737,0.723,0,-4.165,0,0.0705,0.303,0,0.26,0.783,100.939,55Ctj6nVfobn9AcPe6sLG2,https://api.spotify.com/v1/audio-analysis/55Ctj6nVfobn9AcPe6sLG2,4,,,1,231893,FALSE,https://api.spotify.com/v1/tracks/55Ctj6nVfobn9AcPe6sLG2,FALSE,Like,https://p.scdn.co/mp3-preview/de0f9c63c9d4964dd2f9e35eb999306203046223?cid=454ac19c68f841c7a9f712be19a65d51,6,track,spotify:track:55Ctj6nVfobn9AcPe6sLG2,https://open.spotify.com/track/55Ctj6nVfobn9AcPe6sLG2,2_Cool_4_Skool,C,minor,C minor
BTS,3Nrfpe0tUJi4K4DXYWgMUX,2bXp5bEM5sgZdIznTesQZb,album,,2014-12-24,2014,day,0.807,0.903,6,-3.748,0,0.311,0.146,0,0.362,0.786,106.568,3H3i1F0msbZ30iZMYaQ4rN,https://api.spotify.com/v1/audio-analysis/3H3i1F0msbZ30iZMYaQ4rN,4,,,1,75080,FALSE,https://api.spotify.com/v1/tracks/3H3i1F0msbZ30iZMYaQ4rN,FALSE,Intro.,https://p.scdn.co/mp3-preview/3b29bbe6e89be2716499c58a52353e3c96a9e156?cid=454ac19c68f841c7a9f712be19a65d51,1,track,spotify:track:3H3i1F0msbZ30iZMYaQ4rN,https://open.spotify.com/track/3H3i1F0msbZ30iZMYaQ4rN,Wake_Up,F#,minor,F# minor
BTS,3Nrfpe0tUJi4K4DXYWgMUX,2bXp5bEM5sgZdIznTesQZb,album,,2014-12-24,2014,day,0.602,0.957,0,-3.132,1,0.244,0.0292,0,0.101,0.574,170.054,1PfGlo5nWnbBxfQyY2rxYk,https://api.spotify.com/v1/audio-analysis/1PfGlo5nWnbBxfQyY2rxYk,4,,,1,255320,FALSE,https://api.spotify.com/v1/tracks/1PfGlo5nWnbBxfQyY2rxYk,FALSE,The Stars,https://p.scdn.co/mp3-preview/48e4c592db1037efb721803f96a0d6fd412f0ba8?cid=454ac19c68f841c7a9f712be19a65d51,2,track,spotify:track:1PfGlo5nWnbBxfQyY2rxYk,https://open.spotify.com/track/1PfGlo5nWnbBxfQyY2rxYk,Wake_Up,C,major,C major
BTS,3Nrfpe0tUJi4K4DXYWgMUX,2bXp5bEM5sgZdIznTesQZb,album,,2014-12-24,2014,day,0.766,0.674,0,-5.554,0,0.0897,0.227,0,0.124,0.769,101.003,5lMu1penXwmhLWp82YwTpa,https://api.spotify.com/v1/audio-analysis/5lMu1penXwmhLWp82YwTpa,4,,,1,232466,FALSE,https://api.spotify.com/v1/tracks/5lMu1penXwmhLWp82YwTpa,FALSE,Iine!,https://p.scdn.co/mp3-preview/fadd532d2004cd2b351882b4a8395ccc95879592?cid=454ac19c68f841c7a9f712be19a65d51,7,track,spotify:track:5lMu1penXwmhLWp82YwTpa,https://open.spotify.com/track/5lMu1penXwmhLWp82YwTpa,Wake_Up,C,minor,C minor
BTS,3Nrfpe0tUJi4K4DXYWgMUX,2bXp5bEM5sgZdIznTesQZb,album,,2014-12-24,2014,day,0.684,0.717,11,-5.765,0,0.151,0.478,0,0.367,0.861,95.039,5ajpyr32JgFtvW0nzvgva4,https://api.spotify.com/v1/audio-analysis/5ajpyr32JgFtvW0nzvgva4,4,,,1,235466,FALSE,https://api.spotify.com/v1/tracks/5ajpyr32JgFtvW0nzvgva4,FALSE,Iine!Pt.2 - Ano Bashode -,https://p.scdn.co/mp3-preview/04498bdaf9fa9c62f3a23772bf82c237373306be?cid=454ac19c68f841c7a9f712be19a65d51,8,track,spotify:track:5ajpyr32JgFtvW0nzvgva4,https://open.spotify.com/track/5ajpyr32JgFtvW0nzvgva4,Wake_Up,B,minor,B minor
BTS,3Nrfpe0tUJi4K4DXYWgMUX,2bXp5bEM5sgZdIznTesQZb,album,,2014-12-24,2014,day,0.709,0.686,8,-4.797,1,0.0487,0.1,0,0.0865,0.734,91.016,7gLRRcl3qKKpDlt0gApSAJ,https://api.spotify.com/v1/audio-analysis/7gLRRcl3qKKpDlt0gApSAJ,4,,,1,352133,FALSE,https://api.spotify.com/v1/tracks/7gLRRcl3qKKpDlt0gApSAJ,FALSE,Wake Up,https://p.scdn.co/mp3-preview/a40f8fef1c3f1bd6ce0bd1434fa5896fe4ed7835?cid=454ac19c68f841c7a9f712be19a65d51,12,track,spotify:track:7gLRRcl3qKKpDlt0gApSAJ,https://open.spotify.com/track/7gLRRcl3qKKpDlt0gApSAJ,Wake_Up,G#,major,G# major
BTS,3Nrfpe0tUJi4K4DXYWgMUX,2bXp5bEM5sgZdIznTesQZb,album,,2014-12-24,2014,day,0.679,0.7,2,-5.724,1,0.079,0.696,1.67e-5,0.209,0.786,96.059,0KFNlFyyYU3i4JRhNR0V14,https://api.spotify.com/v1/audio-analysis/0KFNlFyyYU3i4JRhNR0V14,4,,,1,96493,FALSE,https://api.spotify.com/v1/tracks/0KFNlFyyYU3i4JRhNR0V14,FALSE,Outro.,https://p.scdn.co/mp3-preview/75f14120064acde94510049d65ca05a6699b2f9d?cid=454ac19c68f841c7a9f712be19a65d51,13,track,spotify:track:0KFNlFyyYU3i4JRhNR0V14,https://open.spotify.com/track/0KFNlFyyYU3i4JRhNR0V14,Wake_Up,D,major,D major
BTS,3Nrfpe0tUJi4K4DXYWgMUX,1lhLoalMsYHp1PTyE1EUZe,album,,2014-08-20,2014,day,0.475,0.899,0,-2.228,1,0.292,0.426,0,0.366,0.568,83.821,6Ju7X1RnmrHdKSxZlNwwy7,https://api.spotify.com/v1/audio-analysis/6Ju7X1RnmrHdKSxZlNwwy7,4,,,1,165121,FALSE,https://api.spotify.com/v1/tracks/6Ju7X1RnmrHdKSxZlNwwy7,FALSE,Intro: What Am I to You,https://p.scdn.co/mp3-preview/e0860771699cb1011ae93abc21f36b42e9e0f2fd?cid=454ac19c68f841c7a9f712be19a65d51,1,track,spotify:track:6Ju7X1RnmrHdKSxZlNwwy7,https://open.spotify.com/track/6Ju7X1RnmrHdKSxZlNwwy7,Dark_Wild,C,major,C major
BTS,3Nrfpe0tUJi4K4DXYWgMUX,1lhLoalMsYHp1PTyE1EUZe,album,,2014-08-20,2014,day,0.738,0.868,1,-3.363,1,0.0702,9.07e-4,2.09e-4,0.275,0.377,111.991,04J5s84uP4HdSKg4eeBII9,https://api.spotify.com/v1/audio-analysis/04J5s84uP4HdSKg4eeBII9,4,,,1,245140,FALSE,https://api.spotify.com/v1/tracks/04J5s84uP4HdSKg4eeBII9,FALSE,Danger,https://p.scdn.co/mp3-preview/8d3dfd6f413500b076562b02352bcea3efefcd15?cid=454ac19c68f841c7a9f712be19a65d51,2,track,spotify:track:04J5s84uP4HdSKg4eeBII9,https://open.spotify.com/track/04J5s84uP4HdSKg4eeBII9,Dark_Wild,C#,major,C# major
BTS,3Nrfpe0tUJi4K4DXYWgMUX,1lhLoalMsYHp1PTyE1EUZe,album,,2014-08-20,2014,day,0.61,0.829,11,-4.84,0,0.0847,0.0111,0,0.0961,0.156,136.102,1MhAVJ67FFIw56XboIFGsP,https://api.spotify.com/v1/audio-analysis/1MhAVJ67FFIw56XboIFGsP,4,,,1,254973,FALSE,https://api.spotify.com/v1/tracks/1MhAVJ67FFIw56XboIFGsP,FALSE,Let Me Know,https://p.scdn.co/mp3-preview/c59b40324b98f7d06bd2549341b297214216e0ba?cid=454ac19c68f841c7a9f712be19a65d51,5,track,spotify:track:1MhAVJ67FFIw56XboIFGsP,https://open.spotify.com/track/1MhAVJ67FFIw56XboIFGsP,Dark_Wild,B,minor,B minor
BTS,3Nrfpe0tUJi4K4DXYWgMUX,1lhLoalMsYHp1PTyE1EUZe,album,,2014-08-20,2014,day,0.703,0.851,1,-4.918,0,0.144,0.031,0,0.354,0.315,89.958,3I9FjodXdymENMa2VMj1P6,https://api.spotify.com/v1/audio-analysis/3I9FjodXdymENMa2VMj1P6,4,,,1,264666,FALSE,https://api.spotify.com/v1/tracks/3I9FjodXdymENMa2VMj1P6,FALSE,Rain,https://p.scdn.co/mp3-preview/73835188527b7e3f73813b18a3731ad521265297?cid=454ac19c68f841c7a9f712be19a65d51,6,track,spotify:track:3I9FjodXdymENMa2VMj1P6,https://open.spotify.com/track/3I9FjodXdymENMa2VMj1P6,Dark_Wild,C#,minor,C# minor
BTS,3Nrfpe0tUJi4K4DXYWgMUX,1lhLoalMsYHp1PTyE1EUZe,album,,2014-08-20,2014,day,0.793,0.924,4,-3.017,0,0.321,0.0217,0,0.644,0.665,140.031,5xbhNAiWuXwjnNcpTmTlBf,https://api.spotify.com/v1/audio-analysis/5xbhNAiWuXwjnNcpTmTlBf,4,,,1,267782,FALSE,https://api.spotify.com/v1/tracks/5xbhNAiWuXwjnNcpTmTlBf,FALSE,BTS Cypher Pt.3: Killer,https://p.scdn.co/mp3-preview/3f23e60bf84a17c8b9bb8f3f75c6896e41b32bbb?cid=454ac19c68f841c7a9f712be19a65d51,7,track,spotify:track:5xbhNAiWuXwjnNcpTmTlBf,https://open.spotify.com/track/5xbhNAiWuXwjnNcpTmTlBf,Dark_Wild,E,minor,E minor
BTS,3Nrfpe0tUJi4K4DXYWgMUX,1lhLoalMsYHp1PTyE1EUZe,album,,2014-08-20,2014,day,0.783,0.683,4,-5.195,1,0.0895,0.0532,0.772,0.0529,0.55,82.996,1vVAdVVWK3ClUrdOOjhE3O,https://api.spotify.com/v1/audio-analysis/1vVAdVVWK3ClUrdOOjhE3O,4,,,1,41757,FALSE,https://api.spotify.com/v1/tracks/1vVAdVVWK3ClUrdOOjhE3O,FALSE,Interlude: 뭐해,https://p.scdn.co/mp3-preview/2dd69da26d0dcd5b8bfe389b9d6d7342a53b8a01?cid=454ac19c68f841c7a9f712be19a65d51,8,track,spotify:track:1vVAdVVWK3ClUrdOOjhE3O,https://open.spotify.com/track/1vVAdVVWK3ClUrdOOjhE3O,Dark_Wild,E,major,E major
BTS,3Nrfpe0tUJi4K4DXYWgMUX,1lhLoalMsYHp1PTyE1EUZe,album,,2014-08-20,2014,day,0.642,0.903,2,-2.976,1,0.117,0.0635,0,0.33,0.573,96.068,6pXytsCkL5ageXiRaHywfb,https://api.spotify.com/v1/audio-analysis/6pXytsCkL5ageXiRaHywfb,4,,,1,226425,FALSE,https://api.spotify.com/v1/tracks/6pXytsCkL5ageXiRaHywfb,FALSE,24/7=Heaven,https://p.scdn.co/mp3-preview/b2f4118118e0ec1457b7d1bedf139726f53b30e0?cid=454ac19c68f841c7a9f712be19a65d51,11,track,spotify:track:6pXytsCkL5ageXiRaHywfb,https://open.spotify.com/track/6pXytsCkL5ageXiRaHywfb,Dark_Wild,D,major,D major
BTS,3Nrfpe0tUJi4K4DXYWgMUX,1lhLoalMsYHp1PTyE1EUZe,album,,2014-08-20,2014,day,0.634,0.815,1,-4.324,1,0.0409,0.0714,0,0.146,0.553,103.041,6d59BAAy9aRPidOGkCIK25,https://api.spotify.com/v1/audio-analysis/6d59BAAy9aRPidOGkCIK25,4,,,1,172658,FALSE,https://api.spotify.com/v1/tracks/6d59BAAy9aRPidOGkCIK25,FALSE,Outro: 그게 말이 돼?,https://p.scdn.co/mp3-preview/4d0693376771b3f2fffa8590c90edaf72af4a391?cid=454ac19c68f841c7a9f712be19a65d51,14,track,spotify:track:6d59BAAy9aRPidOGkCIK25,https://open.spotify.com/track/6d59BAAy9aRPidOGkCIK25,Dark_Wild,C#,major,C# major
BTS,3Nrfpe0tUJi4K4DXYWgMUX,35voVqYGkotyJ945O9egDY,album,,2014-08-20,2014,day,0.612,0.993,9,-1.895,1,0.24,0.116,0,0.307,0.488,98.004,29SjtKzBoJDgyIBusHylIS,https://api.spotify.com/v1/audio-analysis/29SjtKzBoJDgyIBusHylIS,4,,,1,265602,FALSE,https://api.spotify.com/v1/tracks/29SjtKzBoJDgyIBusHylIS,FALSE,War of Hormone,https://p.scdn.co/mp3-preview/7768d75d4936a920aa1e7dcb2d09a6cd4ba26d60?cid=454ac19c68f841c7a9f712be19a65d51,3,track,spotify:track:29SjtKzBoJDgyIBusHylIS,https://open.spotify.com/track/29SjtKzBoJDgyIBusHylIS,Dark_Wild,A,major,A major
BTS,3Nrfpe0tUJi4K4DXYWgMUX,35voVqYGkotyJ945O9egDY,album,,2014-08-20,2014,day,0.796,0.878,1,-3.325,1,0.185,0.171,0,0.234,0.795,144,4c9XojqJDu7KNCh8GmNbj5,https://api.spotify.com/v1/audio-analysis/4c9XojqJDu7KNCh8GmNbj5,4,,,1,257299,FALSE,https://api.spotify.com/v1/tracks/4c9XojqJDu7KNCh8GmNbj5,FALSE,Hip Hop Phile,https://p.scdn.co/mp3-preview/7d4d8a4ef4ca91fa04dc4990b92f01b81d7d4b56?cid=454ac19c68f841c7a9f712be19a65d51,4,track,spotify:track:4c9XojqJDu7KNCh8GmNbj5,https://open.spotify.com/track/4c9XojqJDu7KNCh8GmNbj5,Dark_Wild,C#,major,C# major
BTS,3Nrfpe0tUJi4K4DXYWgMUX,35voVqYGkotyJ945O9egDY,album,,2014-08-20,2014,day,0.783,0.683,4,-5.195,1,0.0895,0.0532,0.772,0.0529,0.55,82.996,6w5nte2isfv5QLImckFD8a,https://api.spotify.com/v1/audio-analysis/6w5nte2isfv5QLImckFD8a,4,,,1,41757,FALSE,https://api.spotify.com/v1/tracks/6w5nte2isfv5QLImckFD8a,FALSE,Interlude: What Are You Doing Now,https://p.scdn.co/mp3-preview/2dd69da26d0dcd5b8bfe389b9d6d7342a53b8a01?cid=454ac19c68f841c7a9f712be19a65d51,8,track,spotify:track:6w5nte2isfv5QLImckFD8a,https://open.spotify.com/track/6w5nte2isfv5QLImckFD8a,Dark_Wild,E,major,E major
BTS,3Nrfpe0tUJi4K4DXYWgMUX,35voVqYGkotyJ945O9egDY,album,,2014-08-20,2014,day,0.459,0.856,6,-4.383,0,0.232,0.152,0,0.08,0.917,97.027,022wInIMcMtWRqkcpy7WwO,https://api.spotify.com/v1/audio-analysis/022wInIMcMtWRqkcpy7WwO,4,,,1,234062,FALSE,https://api.spotify.com/v1/tracks/022wInIMcMtWRqkcpy7WwO,FALSE,Could You Turn off Your Cell Phone,https://p.scdn.co/mp3-preview/3fd33b7e017e3b53a1fdc3d32a88eb9d24b2a8cd?cid=454ac19c68f841c7a9f712be19a65d51,9,track,spotify:track:022wInIMcMtWRqkcpy7WwO,https://open.spotify.com/track/022wInIMcMtWRqkcpy7WwO,Dark_Wild,F#,minor,F# minor
BTS,3Nrfpe0tUJi4K4DXYWgMUX,35voVqYGkotyJ945O9egDY,album,,2014-08-20,2014,day,0.556,0.897,2,-3.019,1,0.282,0.181,0,0.379,0.551,84.604,3eSPLTR9JtKiT1X4sAkTg8,https://api.spotify.com/v1/audio-analysis/3eSPLTR9JtKiT1X4sAkTg8,4,,,1,241761,FALSE,https://api.spotify.com/v1/tracks/3eSPLTR9JtKiT1X4sAkTg8,FALSE,Embarrassed,https://p.scdn.co/mp3-preview/d2ca5795cb564194fe818565e62b2048dab7576b?cid=454ac19c68f841c7a9f712be19a65d51,10,track,spotify:track:3eSPLTR9JtKiT1X4sAkTg8,https://open.spotify.com/track/3eSPLTR9JtKiT1X4sAkTg8,Dark_Wild,D,major,D major
BTS,3Nrfpe0tUJi4K4DXYWgMUX,35voVqYGkotyJ945O9egDY,album,,2014-08-20,2014,day,0.863,0.854,4,-4.564,0,0.0893,0.0418,0.00152,0.0551,0.784,119.996,0x4cMbCLC6L7aJQs3EiPaZ,https://api.spotify.com/v1/audio-analysis/0x4cMbCLC6L7aJQs3EiPaZ,4,,,1,218887,FALSE,https://api.spotify.com/v1/tracks/0x4cMbCLC6L7aJQs3EiPaZ,FALSE,Look Here,https://p.scdn.co/mp3-preview/24e364feca18ab8d43b1975c3c001718e2d74201?cid=454ac19c68f841c7a9f712be19a65d51,12,track,spotify:track:0x4cMbCLC6L7aJQs3EiPaZ,https://open.spotify.com/track/0x4cMbCLC6L7aJQs3EiPaZ,Dark_Wild,E,minor,E minor
BTS,3Nrfpe0tUJi4K4DXYWgMUX,35voVqYGkotyJ945O9egDY,album,,2014-08-20,2014,day,0.676,0.925,8,-2.451,1,0.111,0.00405,6.31e-6,0.279,0.798,163.952,5EdwOTiD4Vz7xEoB7jt8En,https://api.spotify.com/v1/audio-analysis/5EdwOTiD4Vz7xEoB7jt8En,4,,,1,235020,FALSE,https://api.spotify.com/v1/tracks/5EdwOTiD4Vz7xEoB7jt8En,FALSE,So 4 more,https://p.scdn.co/mp3-preview/d5d531e0787720959e3f3a8c582a6f14fcafda1f?cid=454ac19c68f841c7a9f712be19a65d51,13,track,spotify:track:5EdwOTiD4Vz7xEoB7jt8En,https://open.spotify.com/track/5EdwOTiD4Vz7xEoB7jt8En,Dark_Wild,G#,major,G# major
BTS,3Nrfpe0tUJi4K4DXYWgMUX,35voVqYGkotyJ945O9egDY,album,,2014-08-20,2014,day,0.634,0.815,1,-4.324,1,0.0409,0.0714,0,0.146,0.553,103.041,0I4CicY6MftmDgdd76LXss,https://api.spotify.com/v1/audio-analysis/0I4CicY6MftmDgdd76LXss,4,,,1,172658,FALSE,https://api.spotify.com/v1/tracks/0I4CicY6MftmDgdd76LXss,FALSE,Outro: Do You Think It Makes Sense?,https://p.scdn.co/mp3-preview/4d0693376771b3f2fffa8590c90edaf72af4a391?cid=454ac19c68f841c7a9f712be19a65d51,14,track,spotify:track:0I4CicY6MftmDgdd76LXss,https://open.spotify.com/track/0I4CicY6MftmDgdd76LXss,Dark_Wild,C#,major,C# major
BTS,3Nrfpe0tUJi4K4DXYWgMUX,0pX41mddl0CZXxpxkQ7347,album,,2014-05-14,2014,day,0.718,0.835,1,-4.925,1,0.213,0.371,0,0.0764,0.855,92.97,1ht2uYq91yLc9S6IxwiwCK,https://api.spotify.com/v1/audio-analysis/1ht2uYq91yLc9S6IxwiwCK,4,,,1,241374,FALSE,https://api.spotify.com/v1/tracks/1ht2uYq91yLc9S6IxwiwCK,FALSE,Miss Right,https://p.scdn.co/mp3-preview/e5d84362ddb5f13bf229a11e5abebcfe7cafb6bc?cid=454ac19c68f841c7a9f712be19a65d51,1,track,spotify:track:1ht2uYq91yLc9S6IxwiwCK,https://open.spotify.com/track/1ht2uYq91yLc9S6IxwiwCK,Skool_Luv_Affair,C#,major,C# major
BTS,3Nrfpe0tUJi4K4DXYWgMUX,0pX41mddl0CZXxpxkQ7347,album,,2014-05-14,2014,day,0.587,0.82,4,-2.701,0,0.428,0.0601,0,0.0599,0.671,93.841,5heidJi9Gni0QHhXStoimY,https://api.spotify.com/v1/audio-analysis/5heidJi9Gni0QHhXStoimY,4,,,1,178282,FALSE,https://api.spotify.com/v1/tracks/5heidJi9Gni0QHhXStoimY,FALSE,Intro: Skool Luv Affair,https://p.scdn.co/mp3-preview/ef26c617a2454e6451aa1d90bcf17c1e645076f2?cid=454ac19c68f841c7a9f712be19a65d51,3,track,spotify:track:5heidJi9Gni0QHhXStoimY,https://open.spotify.com/track/5heidJi9Gni0QHhXStoimY,Skool_Luv_Affair,E,minor,E minor
BTS,3Nrfpe0tUJi4K4DXYWgMUX,0pX41mddl0CZXxpxkQ7347,album,,2014-05-14,2014,day,0.491,0.947,0,-2.252,1,0.306,0.00261,0,0.34,0.474,166.236,1wdWWC1YzKkCWp06e0IPqH,https://api.spotify.com/v1/audio-analysis/1wdWWC1YzKkCWp06e0IPqH,4,,,1,230778,FALSE,https://api.spotify.com/v1/tracks/1wdWWC1YzKkCWp06e0IPqH,FALSE,Boy in Luv,https://p.scdn.co/mp3-preview/15e76ec7e296995a342761915e0d3e8bee43bbf1?cid=454ac19c68f841c7a9f712be19a65d51,4,track,spotify:track:1wdWWC1YzKkCWp06e0IPqH,https://open.spotify.com/track/1wdWWC1YzKkCWp06e0IPqH,Skool_Luv_Affair,C,major,C major
BTS,3Nrfpe0tUJi4K4DXYWgMUX,0pX41mddl0CZXxpxkQ7347,album,,2014-05-14,2014,day,0.633,0.285,4,-15.35,1,0.841,0.898,0,0.905,0.749,124.219,7gP8B9DHYnZ7AynrVdhYbZ,https://api.spotify.com/v1/audio-analysis/7gP8B9DHYnZ7AynrVdhYbZ,3,,,1,92791,FALSE,https://api.spotify.com/v1/tracks/7gP8B9DHYnZ7AynrVdhYbZ,FALSE,Skit: Soulmate,https://p.scdn.co/mp3-preview/14e513488beaa8e64ed5a4b4c45447b8194e0158?cid=454ac19c68f841c7a9f712be19a65d51,5,track,spotify:track:7gP8B9DHYnZ7AynrVdhYbZ,https://open.spotify.com/track/7gP8B9DHYnZ7AynrVdhYbZ,Skool_Luv_Affair,E,major,E major
BTS,3Nrfpe0tUJi4K4DXYWgMUX,0pX41mddl0CZXxpxkQ7347,album,,2014-05-14,2014,day,0.654,0.867,7,-1.772,1,0.313,0.432,0,0.0745,0.919,85.078,6gGCS5r2t5uxaeBWAPeBp2,https://api.spotify.com/v1/audio-analysis/6gGCS5r2t5uxaeBWAPeBp2,4,,,1,240106,FALSE,https://api.spotify.com/v1/tracks/6gGCS5r2t5uxaeBWAPeBp2,FALSE,Where You From,https://p.scdn.co/mp3-preview/e91af45be8270687c0fd734b0610b34650fdd096?cid=454ac19c68f841c7a9f712be19a65d51,6,track,spotify:track:6gGCS5r2t5uxaeBWAPeBp2,https://open.spotify.com/track/6gGCS5r2t5uxaeBWAPeBp2,Skool_Luv_Affair,G,major,G major
BTS,3Nrfpe0tUJi4K4DXYWgMUX,0pX41mddl0CZXxpxkQ7347,album,,2014-05-14,2014,day,0.685,0.713,6,-4.705,0,0.266,0.179,0,0.377,0.301,95.092,5oXLcjfVfq0QxIfgIHgYGn,https://api.spotify.com/v1/audio-analysis/5oXLcjfVfq0QxIfgIHgYGn,4,,,1,239469,FALSE,https://api.spotify.com/v1/tracks/5oXLcjfVfq0QxIfgIHgYGn,FALSE,Just One Day,https://p.scdn.co/mp3-preview/b85cf0429d7c933b36ef5a755ef78582f6595cf2?cid=454ac19c68f841c7a9f712be19a65d51,7,track,spotify:track:5oXLcjfVfq0QxIfgIHgYGn,https://open.spotify.com/track/5oXLcjfVfq0QxIfgIHgYGn,Skool_Luv_Affair,F#,minor,F# minor
BTS,3Nrfpe0tUJi4K4DXYWgMUX,0pX41mddl0CZXxpxkQ7347,album,,2014-05-14,2014,day,0.399,0.887,1,-2.578,0,0.201,0.00946,0,0.281,0.627,128.119,1LdpcTZm0Of4Nq0FsbREKO,https://api.spotify.com/v1/audio-analysis/1LdpcTZm0Of4Nq0FsbREKO,4,,,1,261574,FALSE,https://api.spotify.com/v1/tracks/1LdpcTZm0Of4Nq0FsbREKO,FALSE,Tomorrow,https://p.scdn.co/mp3-preview/8baf0639d89f6e407bd0c11c73ba8882089c5c45?cid=454ac19c68f841c7a9f712be19a65d51,8,track,spotify:track:1LdpcTZm0Of4Nq0FsbREKO,https://open.spotify.com/track/1LdpcTZm0Of4Nq0FsbREKO,Skool_Luv_Affair,C#,minor,C# minor
BTS,3Nrfpe0tUJi4K4DXYWgMUX,0pX41mddl0CZXxpxkQ7347,album,,2014-05-14,2014,day,0.585,0.98,5,-0.826,1,0.37,0.127,0,0.692,0.837,141.945,1EzaBJk1rcT3ukKRPko1s4,https://api.spotify.com/v1/audio-analysis/1EzaBJk1rcT3ukKRPko1s4,4,,,1,288771,FALSE,https://api.spotify.com/v1/tracks/1EzaBJk1rcT3ukKRPko1s4,FALSE,BTS Cypher Pt.2: Triptych,https://p.scdn.co/mp3-preview/0c00e827b1b4abccb536ef7b99dd6594cfe80e68?cid=454ac19c68f841c7a9f712be19a65d51,9,track,spotify:track:1EzaBJk1rcT3ukKRPko1s4,https://open.spotify.com/track/1EzaBJk1rcT3ukKRPko1s4,Skool_Luv_Affair,F,major,F major
BTS,3Nrfpe0tUJi4K4DXYWgMUX,0pX41mddl0CZXxpxkQ7347,album,,2014-05-14,2014,day,0.679,0.927,0,-1.058,1,0.15,0.164,0,0.437,0.861,93.989,1srYOWykolKZnA6SAN1GiA,https://api.spotify.com/v1/audio-analysis/1srYOWykolKZnA6SAN1GiA,4,,,1,238529,FALSE,https://api.spotify.com/v1/tracks/1srYOWykolKZnA6SAN1GiA,FALSE,Spine Breaker,https://p.scdn.co/mp3-preview/d592d856060f7e21f6251a559ca4029537e47171?cid=454ac19c68f841c7a9f712be19a65d51,10,track,spotify:track:1srYOWykolKZnA6SAN1GiA,https://open.spotify.com/track/1srYOWykolKZnA6SAN1GiA,Skool_Luv_Affair,C,major,C major
BTS,3Nrfpe0tUJi4K4DXYWgMUX,0pX41mddl0CZXxpxkQ7347,album,,2014-05-14,2014,day,0.495,0.974,7,-0.947,0,0.282,0.0349,0,0.44,0.763,102.077,6bv8GUc337blg2QcskhdAJ,https://api.spotify.com/v1/audio-analysis/6bv8GUc337blg2QcskhdAJ,4,,,1,236488,FALSE,https://api.spotify.com/v1/tracks/6bv8GUc337blg2QcskhdAJ,FALSE,Jump,https://p.scdn.co/mp3-preview/75406fec16f903f1b7990f697a99388c00c05876?cid=454ac19c68f841c7a9f712be19a65d51,11,track,spotify:track:6bv8GUc337blg2QcskhdAJ,https://open.spotify.com/track/6bv8GUc337blg2QcskhdAJ,Skool_Luv_Affair,G,minor,G minor
BTS,3Nrfpe0tUJi4K4DXYWgMUX,0pX41mddl0CZXxpxkQ7347,album,,2014-05-14,2014,day,0.397,0.847,2,-2.488,1,0.159,0.467,0,0.205,0.514,173.733,7EW03rmUEfPIFSxuzZQsgA,https://api.spotify.com/v1/audio-analysis/7EW03rmUEfPIFSxuzZQsgA,4,,,1,122513,FALSE,https://api.spotify.com/v1/tracks/7EW03rmUEfPIFSxuzZQsgA,FALSE,Outro: Propose,https://p.scdn.co/mp3-preview/9c662da49f4e7f256977d388035f8596c1e46bad?cid=454ac19c68f841c7a9f712be19a65d51,12,track,spotify:track:7EW03rmUEfPIFSxuzZQsgA,https://open.spotify.com/track/7EW03rmUEfPIFSxuzZQsgA,Skool_Luv_Affair,D,major,D major
BTS,3Nrfpe0tUJi4K4DXYWgMUX,4kKOPtbEP6LqT1vxrEjw47,album,,2015-11-30,2015,day,0.339,0.949,6,-4.942,0,0.904,0.00765,0,0.329,0.397,79.956,1RCXaXyneq3ke1W9E9l66K,https://api.spotify.com/v1/audio-analysis/1RCXaXyneq3ke1W9E9l66K,4,,,1,136428,TRUE,https://api.spotify.com/v1/tracks/1RCXaXyneq3ke1W9E9l66K,FALSE,Intro: Never Mind,https://p.scdn.co/mp3-preview/7076a2ef4eb2cfe58b416fa9ca18d6e4c6cb6669?cid=454ac19c68f841c7a9f712be19a65d51,1,track,spotify:track:1RCXaXyneq3ke1W9E9l66K,https://open.spotify.com/track/1RCXaXyneq3ke1W9E9l66K,HYYH2,F#,minor,F# minor
BTS,3Nrfpe0tUJi4K4DXYWgMUX,4kKOPtbEP6LqT1vxrEjw47,album,,2015-11-30,2015,day,0.554,0.878,11,-3.02,0,0.0513,0.00146,0,0.0998,0.55,132.896,3Ief7BH9cEJTqskzm5Mlu8,https://api.spotify.com/v1/audio-analysis/3Ief7BH9cEJTqskzm5Mlu8,4,,,1,236748,FALSE,https://api.spotify.com/v1/tracks/3Ief7BH9cEJTqskzm5Mlu8,FALSE,Run,https://p.scdn.co/mp3-preview/13a50a44e29850cab40a26e9099b9562a366199c?cid=454ac19c68f841c7a9f712be19a65d51,2,track,spotify:track:3Ief7BH9cEJTqskzm5Mlu8,https://open.spotify.com/track/3Ief7BH9cEJTqskzm5Mlu8,HYYH2,B,minor,B minor
BTS,3Nrfpe0tUJi4K4DXYWgMUX,4kKOPtbEP6LqT1vxrEjw47,album,,2015-11-30,2015,day,0.461,0.776,6,-4.498,1,0.0565,0.0149,0,0.12,0.291,149.985,5yKG4Sa9UTlvXr3Y9Zurtu,https://api.spotify.com/v1/audio-analysis/5yKG4Sa9UTlvXr3Y9Zurtu,4,,,1,238861,FALSE,https://api.spotify.com/v1/tracks/5yKG4Sa9UTlvXr3Y9Zurtu,FALSE,Butterfly,https://p.scdn.co/mp3-preview/c6a5f64a54e37632847176f687c05938a0e18372?cid=454ac19c68f841c7a9f712be19a65d51,3,track,spotify:track:5yKG4Sa9UTlvXr3Y9Zurtu,https://open.spotify.com/track/5yKG4Sa9UTlvXr3Y9Zurtu,HYYH2,F#,major,F# major
BTS,3Nrfpe0tUJi4K4DXYWgMUX,4kKOPtbEP6LqT1vxrEjw47,album,,2015-11-30,2015,day,0.585,0.93,10,-2.707,0,0.241,0.0992,2.54e-6,0.345,0.735,90.03,0GXxd4DmkYdcDNAL5yglbD,https://api.spotify.com/v1/audio-analysis/0GXxd4DmkYdcDNAL5yglbD,4,,,1,243222,FALSE,https://api.spotify.com/v1/tracks/0GXxd4DmkYdcDNAL5yglbD,FALSE,Whalien 52,https://p.scdn.co/mp3-preview/c70e8266ab09c8c62831867383091eec4500bfce?cid=454ac19c68f841c7a9f712be19a65d51,4,track,spotify:track:0GXxd4DmkYdcDNAL5yglbD,https://open.spotify.com/track/0GXxd4DmkYdcDNAL5yglbD,HYYH2,A#,minor,A# minor
BTS,3Nrfpe0tUJi4K4DXYWgMUX,4kKOPtbEP6LqT1vxrEjw47,album,,2015-11-30,2015,day,0.668,0.967,6,-2.192,0,0.0957,2.66e-4,0,0.0777,0.807,122.007,0Htjv1vITqTPDWmPjGkqzr,https://api.spotify.com/v1/audio-analysis/0Htjv1vITqTPDWmPjGkqzr,4,,,1,256686,FALSE,https://api.spotify.com/v1/tracks/0Htjv1vITqTPDWmPjGkqzr,FALSE,Ma City,https://p.scdn.co/mp3-preview/651795e87a6db637478af8d0a02444cbeff9613b?cid=454ac19c68f841c7a9f712be19a65d51,5,track,spotify:track:0Htjv1vITqTPDWmPjGkqzr,https://open.spotify.com/track/0Htjv1vITqTPDWmPjGkqzr,HYYH2,F#,minor,F# minor
BTS,3Nrfpe0tUJi4K4DXYWgMUX,4kKOPtbEP6LqT1vxrEjw47,album,,2015-11-30,2015,day,0.575,0.499,3,-11.552,1,0.936,0.772,0,0.42,0.667,160.296,07tNUoGYcz9B7KEdiChcvX,https://api.spotify.com/v1/audio-analysis/07tNUoGYcz9B7KEdiChcvX,4,,,1,263129,FALSE,https://api.spotify.com/v1/tracks/07tNUoGYcz9B7KEdiChcvX,FALSE,Skit: One Night in a Strange City,https://p.scdn.co/mp3-preview/8198db5b1d528f568c1d57a66dc9758f7e332c61?cid=454ac19c68f841c7a9f712be19a65d51,7,track,spotify:track:07tNUoGYcz9B7KEdiChcvX,https://open.spotify.com/track/07tNUoGYcz9B7KEdiChcvX,HYYH2,D#,major,D# major
BTS,3Nrfpe0tUJi4K4DXYWgMUX,4kKOPtbEP6LqT1vxrEjw47,album,,2015-11-30,2015,day,0.37,0.652,2,-4.717,1,0.0402,0.4,0,0.129,0.265,104.162,7nuLczP6VlOgMjePTsm1KD,https://api.spotify.com/v1/audio-analysis/7nuLczP6VlOgMjePTsm1KD,4,,,1,177413,FALSE,https://api.spotify.com/v1/tracks/7nuLczP6VlOgMjePTsm1KD,FALSE,Outro: House of Cards,https://p.scdn.co/mp3-preview/01f701d33c62cd91729f5a629f8cb712a4e1bea0?cid=454ac19c68f841c7a9f712be19a65d51,9,track,spotify:track:7nuLczP6VlOgMjePTsm1KD,https://open.spotify.com/track/7nuLczP6VlOgMjePTsm1KD,HYYH2,D,major,D major
BTS,3Nrfpe0tUJi4K4DXYWgMUX,2ds8iT4wkaN1Q1gZe1qcOD,album,,2015-11-30,2015,day,0.65,0.879,9,-2.886,1,0.073,0.00104,0,0.0483,0.536,166.895,6O734u9qnz6B4gWMyszWhi,https://api.spotify.com/v1/audio-analysis/6O734u9qnz6B4gWMyszWhi,4,,,1,233160,FALSE,https://api.spotify.com/v1/tracks/6O734u9qnz6B4gWMyszWhi,FALSE,Silver Spoon,https://p.scdn.co/mp3-preview/81cb5972e5088c54da23604c7644d6bb519466b7?cid=454ac19c68f841c7a9f712be19a65d51,6,track,spotify:track:6O734u9qnz6B4gWMyszWhi,https://open.spotify.com/track/6O734u9qnz6B4gWMyszWhi,HYYH2,A,major,A major
BTS,3Nrfpe0tUJi4K4DXYWgMUX,2ds8iT4wkaN1Q1gZe1qcOD,album,,2015-11-30,2015,day,0.619,0.804,10,-3.301,0,0.0424,0.0135,0,0.127,0.314,104.978,158kubraiqKrcYpRsDHrBU,https://api.spotify.com/v1/audio-analysis/158kubraiqKrcYpRsDHrBU,4,,,1,267150,FALSE,https://api.spotify.com/v1/tracks/158kubraiqKrcYpRsDHrBU,FALSE,Autumn Leaves,https://p.scdn.co/mp3-preview/5999f457606b96a8039fd21f6b608bb8a8670b5d?cid=454ac19c68f841c7a9f712be19a65d51,8,track,spotify:track:158kubraiqKrcYpRsDHrBU,https://open.spotify.com/track/158kubraiqKrcYpRsDHrBU,HYYH2,A#,minor,A# minor
BTS,3Nrfpe0tUJi4K4DXYWgMUX,2hEMlZ7Aip6kqJX51u3vgq,album,,2015-04-29,2015,day,0.36,0.97,0,-4.422,0,0.535,0.236,0,0.074,0.257,87.12,4RwQPfQkYjweQlJ0RtjPKO,https://api.spotify.com/v1/audio-analysis/4RwQPfQkYjweQlJ0RtjPKO,1,,,1,123033,FALSE,https://api.spotify.com/v1/tracks/4RwQPfQkYjweQlJ0RtjPKO,FALSE,Intro: 화양연화,https://p.scdn.co/mp3-preview/07acfdcb6e5d0b67cc0a8646360eb58c9ee9d50b?cid=454ac19c68f841c7a9f712be19a65d51,1,track,spotify:track:4RwQPfQkYjweQlJ0RtjPKO,https://open.spotify.com/track/4RwQPfQkYjweQlJ0RtjPKO,HYYH,C,minor,C minor
BTS,3Nrfpe0tUJi4K4DXYWgMUX,2hEMlZ7Aip6kqJX51u3vgq,album,,2015-04-29,2015,day,0.478,0.88,5,-3.097,0,0.0739,0.0213,0,0.24,0.707,158.356,6EhXeIzdJKhVK244A3earO,https://api.spotify.com/v1/audio-analysis/6EhXeIzdJKhVK244A3earO,4,,,1,210986,FALSE,https://api.spotify.com/v1/tracks/6EhXeIzdJKhVK244A3earO,FALSE,I Need U,https://p.scdn.co/mp3-preview/d57fb5fa762ade6783c44d2479d3bcd373fef1a8?cid=454ac19c68f841c7a9f712be19a65d51,2,track,spotify:track:6EhXeIzdJKhVK244A3earO,https://open.spotify.com/track/6EhXeIzdJKhVK244A3earO,HYYH,F,minor,F minor
BTS,3Nrfpe0tUJi4K4DXYWgMUX,2hEMlZ7Aip6kqJX51u3vgq,album,,2015-04-29,2015,day,0.635,0.167,9,-21.117,0,0.665,0.893,0,0.501,0.712,100.544,6WguDbMsVeMfsR3Hy1XZzx,https://api.spotify.com/v1/audio-analysis/6WguDbMsVeMfsR3Hy1XZzx,3,,,1,147693,FALSE,https://api.spotify.com/v1/tracks/6WguDbMsVeMfsR3Hy1XZzx,FALSE,Skit: Expectation!,https://p.scdn.co/mp3-preview/d2d93aac7ede5315dbef18cd957990e42318134a?cid=454ac19c68f841c7a9f712be19a65d51,4,track,spotify:track:6WguDbMsVeMfsR3Hy1XZzx,https://open.spotify.com/track/6WguDbMsVeMfsR3Hy1XZzx,HYYH,A,minor,A minor
BTS,3Nrfpe0tUJi4K4DXYWgMUX,2hEMlZ7Aip6kqJX51u3vgq,album,,2015-04-29,2015,day,0.724,0.793,1,-3.982,1,0.0895,0.0597,0,0.201,0.817,98.003,5XLabXDUfvBn3r5MFszKig,https://api.spotify.com/v1/audio-analysis/5XLabXDUfvBn3r5MFszKig,4,,,1,209715,FALSE,https://api.spotify.com/v1/tracks/5XLabXDUfvBn3r5MFszKig,FALSE,Converse High,https://p.scdn.co/mp3-preview/324c1f380fcd4d82386b008a2d1c5b565afdc7bf?cid=454ac19c68f841c7a9f712be19a65d51,7,track,spotify:track:5XLabXDUfvBn3r5MFszKig,https://open.spotify.com/track/5XLabXDUfvBn3r5MFszKig,HYYH,C#,major,C# major
BTS,3Nrfpe0tUJi4K4DXYWgMUX,2hEMlZ7Aip6kqJX51u3vgq,album,,2015-04-29,2015,day,0.719,0.335,2,-8.085,1,0.06,0.632,0,0.131,0.218,105.062,7m932U1C6DsTBCC46EZpZj,https://api.spotify.com/v1/audio-analysis/7m932U1C6DsTBCC46EZpZj,4,,,1,143862,FALSE,https://api.spotify.com/v1/tracks/7m932U1C6DsTBCC46EZpZj,FALSE,Outro: Love Is Not Over,https://p.scdn.co/mp3-preview/257982a8c819976b46c1b4c27c39427098752c09?cid=454ac19c68f841c7a9f712be19a65d51,9,track,spotify:track:7m932U1C6DsTBCC46EZpZj,https://open.spotify.com/track/7m932U1C6DsTBCC46EZpZj,HYYH,D,major,D major
BTS,3Nrfpe0tUJi4K4DXYWgMUX,0mEeCuKJQ8Xh9tQ5dMm89X,album,,2015-04-29,2015,day,0.36,0.97,0,-4.422,0,0.535,0.236,0,0.074,0.257,87.12,7HhZAKSvFWz4bT5jsZLPeq,https://api.spotify.com/v1/audio-analysis/7HhZAKSvFWz4bT5jsZLPeq,1,,,1,123033,FALSE,https://api.spotify.com/v1/tracks/7HhZAKSvFWz4bT5jsZLPeq,FALSE,Intro: The Most Beautiful Moment in Life,https://p.scdn.co/mp3-preview/07acfdcb6e5d0b67cc0a8646360eb58c9ee9d50b?cid=454ac19c68f841c7a9f712be19a65d51,1,track,spotify:track:7HhZAKSvFWz4bT5jsZLPeq,https://open.spotify.com/track/7HhZAKSvFWz4bT5jsZLPeq,HYYH,C,minor,C minor
BTS,3Nrfpe0tUJi4K4DXYWgMUX,0mEeCuKJQ8Xh9tQ5dMm89X,album,,2015-04-29,2015,day,0.622,0.728,6,-5.111,1,0.286,0.0511,0,0.171,0.394,139.994,2SKBwYW23iHoB7CrYSeyC9,https://api.spotify.com/v1/audio-analysis/2SKBwYW23iHoB7CrYSeyC9,4,,,1,274991,FALSE,https://api.spotify.com/v1/tracks/2SKBwYW23iHoB7CrYSeyC9,FALSE,Hold Me Tight,https://p.scdn.co/mp3-preview/503889766cbc3ff21f5082b4d2c003a2c309b091?cid=454ac19c68f841c7a9f712be19a65d51,3,track,spotify:track:2SKBwYW23iHoB7CrYSeyC9,https://open.spotify.com/track/2SKBwYW23iHoB7CrYSeyC9,HYYH,F#,major,F# major
BTS,3Nrfpe0tUJi4K4DXYWgMUX,0mEeCuKJQ8Xh9tQ5dMm89X,album,,2015-04-29,2015,day,0.595,0.89,10,-3.109,0,0.245,0.0486,0,0.32,0.62,154.071,7jPCPDYoiaKeK7cgNGpIzq,https://api.spotify.com/v1/audio-analysis/7jPCPDYoiaKeK7cgNGpIzq,4,,,1,240020,FALSE,https://api.spotify.com/v1/tracks/7jPCPDYoiaKeK7cgNGpIzq,FALSE,Dope,https://p.scdn.co/mp3-preview/fb34390022517a17484b63434db223acef5c796f?cid=454ac19c68f841c7a9f712be19a65d51,5,track,spotify:track:7jPCPDYoiaKeK7cgNGpIzq,https://open.spotify.com/track/7jPCPDYoiaKeK7cgNGpIzq,HYYH,A#,minor,A# minor
BTS,3Nrfpe0tUJi4K4DXYWgMUX,0mEeCuKJQ8Xh9tQ5dMm89X,album,,2015-04-29,2015,day,0.704,0.96,1,-2.606,0,0.192,0.0808,0,0.383,0.751,116.024,1sz4drpDPpHVrPUgnXGaNn,https://api.spotify.com/v1/audio-analysis/1sz4drpDPpHVrPUgnXGaNn,4,,,1,244156,FALSE,https://api.spotify.com/v1/tracks/1sz4drpDPpHVrPUgnXGaNn,FALSE,Boyz with Fun,https://p.scdn.co/mp3-preview/68ce3eab3bc4582c505ae35ff774915b3f6d68c2?cid=454ac19c68f841c7a9f712be19a65d51,6,track,spotify:track:1sz4drpDPpHVrPUgnXGaNn,https://open.spotify.com/track/1sz4drpDPpHVrPUgnXGaNn,HYYH,C#,minor,C# minor
BTS,3Nrfpe0tUJi4K4DXYWgMUX,0mEeCuKJQ8Xh9tQ5dMm89X,album,,2015-04-29,2015,day,0.684,0.914,0,-3.199,1,0.204,0.0128,0,0.0543,0.929,159.996,0jo4304s0u51JHHCv7it9K,https://api.spotify.com/v1/audio-analysis/0jo4304s0u51JHHCv7it9K,4,,,1,292569,FALSE,https://api.spotify.com/v1/tracks/0jo4304s0u51JHHCv7it9K,FALSE,Moving On,https://p.scdn.co/mp3-preview/5c44c7a7e560ea106632b428d27edca8fc7b9d03?cid=454ac19c68f841c7a9f712be19a65d51,8,track,spotify:track:0jo4304s0u51JHHCv7it9K,https://open.spotify.com/track/0jo4304s0u51JHHCv7it9K,HYYH,C,major,C major
BTS,3Nrfpe0tUJi4K4DXYWgMUX,1vhNGBTFoaSTLbHjPGFIlF,album,,2016-10-10,2016,day,0.573,0.89,5,-3.53,0,0.214,0.0212,0,0.132,0.242,130.251,1hlT8F0X27uf3fpOWawjbY,https://api.spotify.com/v1/audio-analysis/1hlT8F0X27uf3fpOWawjbY,4,,,1,121770,FALSE,https://api.spotify.com/v1/tracks/1hlT8F0X27uf3fpOWawjbY,FALSE,Intro: Boy Meets Evil,https://p.scdn.co/mp3-preview/57424f11a04e28cc9c1364eeac67ea18ea1ddf51?cid=454ac19c68f841c7a9f712be19a65d51,1,track,spotify:track:1hlT8F0X27uf3fpOWawjbY,https://open.spotify.com/track/1hlT8F0X27uf3fpOWawjbY,Wings,F,minor,F minor
BTS,3Nrfpe0tUJi4K4DXYWgMUX,1vhNGBTFoaSTLbHjPGFIlF,album,,2016-10-10,2016,day,0.584,0.885,0,-3.571,0,0.104,0.0244,0,0.357,0.605,92.9,2u54HNQamwFuOMLSuhSRom,https://api.spotify.com/v1/audio-analysis/2u54HNQamwFuOMLSuhSRom,4,,,1,217051,FALSE,https://api.spotify.com/v1/tracks/2u54HNQamwFuOMLSuhSRom,FALSE,Blood Sweat & Tears,https://p.scdn.co/mp3-preview/585efc683a5dec9b84540a1322f06a31a0b4777d?cid=454ac19c68f841c7a9f712be19a65d51,2,track,spotify:track:2u54HNQamwFuOMLSuhSRom,https://open.spotify.com/track/2u54HNQamwFuOMLSuhSRom,Wings,C,minor,C minor
BTS,3Nrfpe0tUJi4K4DXYWgMUX,1vhNGBTFoaSTLbHjPGFIlF,album,,2016-10-10,2016,day,0.566,0.842,9,-5.222,0,0.0442,0.00357,2.53e-4,0.141,0.308,131.05,0bGJHUPR6ems9tzIljlPFR,https://api.spotify.com/v1/audio-analysis/0bGJHUPR6ems9tzIljlPFR,4,,,1,229740,FALSE,https://api.spotify.com/v1/tracks/0bGJHUPR6ems9tzIljlPFR,FALSE,Begin,https://p.scdn.co/mp3-preview/b110f572b89ef67b79bc2e887d7739f5dab6ab7b?cid=454ac19c68f841c7a9f712be19a65d51,3,track,spotify:track:0bGJHUPR6ems9tzIljlPFR,https://open.spotify.com/track/0bGJHUPR6ems9tzIljlPFR,Wings,A,minor,A minor
BTS,3Nrfpe0tUJi4K4DXYWgMUX,1vhNGBTFoaSTLbHjPGFIlF,album,,2016-10-10,2016,day,0.541,0.779,6,-5.581,0,0.033,0.00338,0,0.177,0.501,94.069,1nWB8isqs2tviWk20G5pow,https://api.spotify.com/v1/audio-analysis/1nWB8isqs2tviWk20G5pow,3,,,1,215752,FALSE,https://api.spotify.com/v1/tracks/1nWB8isqs2tviWk20G5pow,FALSE,Lie,https://p.scdn.co/mp3-preview/5462e379810dbe6cf9031125a7997e2ea1a4a692?cid=454ac19c68f841c7a9f712be19a65d51,4,track,spotify:track:1nWB8isqs2tviWk20G5pow,https://open.spotify.com/track/1nWB8isqs2tviWk20G5pow,Wings,F#,minor,F# minor
BTS,3Nrfpe0tUJi4K4DXYWgMUX,1vhNGBTFoaSTLbHjPGFIlF,album,,2016-10-10,2016,day,0.566,0.475,0,-5.556,0,0.089,0.148,0,0.139,0.335,136.442,3LTwMQ9kkn5VVhP3jipBlR,https://api.spotify.com/v1/audio-analysis/3LTwMQ9kkn5VVhP3jipBlR,4,,,1,216063,FALSE,https://api.spotify.com/v1/tracks/3LTwMQ9kkn5VVhP3jipBlR,FALSE,Stigma,https://p.scdn.co/mp3-preview/e5963e78a53341fa5286423559cd38ccc11cc406?cid=454ac19c68f841c7a9f712be19a65d51,5,track,spotify:track:3LTwMQ9kkn5VVhP3jipBlR,https://open.spotify.com/track/3LTwMQ9kkn5VVhP3jipBlR,Wings,C,minor,C minor
BTS,3Nrfpe0tUJi4K4DXYWgMUX,1vhNGBTFoaSTLbHjPGFIlF,album,,2016-10-10,2016,day,0.545,0.74,8,-5.997,0,0.308,0.364,0,0.164,0.671,86.842,1UeVC9gDeHxwlWOQyQJerj,https://api.spotify.com/v1/audio-analysis/1UeVC9gDeHxwlWOQyQJerj,4,,,1,189795,FALSE,https://api.spotify.com/v1/tracks/1UeVC9gDeHxwlWOQyQJerj,FALSE,First Love,https://p.scdn.co/mp3-preview/69a0455fe6d79a93ab62788937c88fd3f418dd33?cid=454ac19c68f841c7a9f712be19a65d51,6,track,spotify:track:1UeVC9gDeHxwlWOQyQJerj,https://open.spotify.com/track/1UeVC9gDeHxwlWOQyQJerj,Wings,G#,minor,G# minor
BTS,3Nrfpe0tUJi4K4DXYWgMUX,1vhNGBTFoaSTLbHjPGFIlF,album,,2016-10-10,2016,day,0.555,0.607,2,-7.991,1,0.085,0.0135,1.59e-6,0.2,0.273,73.997,6O7358UPKsUumzjumFxVtp,https://api.spotify.com/v1/audio-analysis/6O7358UPKsUumzjumFxVtp,4,,,1,233917,FALSE,https://api.spotify.com/v1/tracks/6O7358UPKsUumzjumFxVtp,FALSE,Reflection,https://p.scdn.co/mp3-preview/05388983732511d1e2bf84325b4fea495187fd53?cid=454ac19c68f841c7a9f712be19a65d51,7,track,spotify:track:6O7358UPKsUumzjumFxVtp,https://open.spotify.com/track/6O7358UPKsUumzjumFxVtp,Wings,D,major,D major
BTS,3Nrfpe0tUJi4K4DXYWgMUX,1vhNGBTFoaSTLbHjPGFIlF,album,,2016-10-10,2016,day,0.543,0.739,5,-4.818,0,0.232,2.26e-4,2.14e-5,0.0816,0.466,185.832,51hIGgLnT8s6gEzjVqKlEF,https://api.spotify.com/v1/audio-analysis/51hIGgLnT8s6gEzjVqKlEF,4,,,1,212275,FALSE,https://api.spotify.com/v1/tracks/51hIGgLnT8s6gEzjVqKlEF,FALSE,MAMA,https://p.scdn.co/mp3-preview/0929faf33177639ed2d4ae844a0cef8227e865d6?cid=454ac19c68f841c7a9f712be19a65d51,8,track,spotify:track:51hIGgLnT8s6gEzjVqKlEF,https://open.spotify.com/track/51hIGgLnT8s6gEzjVqKlEF,Wings,F,minor,F minor
BTS,3Nrfpe0tUJi4K4DXYWgMUX,1vhNGBTFoaSTLbHjPGFIlF,album,,2016-10-10,2016,day,0.35,0.498,3,-6.589,1,0.0332,0.023,1.99e-6,0.269,0.34,142.803,3gxNkvcP8scSzL6mGznTn3,https://api.spotify.com/v1/audio-analysis/3gxNkvcP8scSzL6mGznTn3,4,,,1,226160,FALSE,https://api.spotify.com/v1/tracks/3gxNkvcP8scSzL6mGznTn3,FALSE,Awake,https://p.scdn.co/mp3-preview/6b05e6117fdb304dc69b789c98855e187b38461c?cid=454ac19c68f841c7a9f712be19a65d51,9,track,spotify:track:3gxNkvcP8scSzL6mGznTn3,https://open.spotify.com/track/3gxNkvcP8scSzL6mGznTn3,Wings,D#,major,D# major
BTS,3Nrfpe0tUJi4K4DXYWgMUX,1vhNGBTFoaSTLbHjPGFIlF,album,,2016-10-10,2016,day,0.547,0.838,9,-4.157,0,0.0544,3.74e-4,0,0.0562,0.47,85.018,2So2zLatKtnIP0cy3a4Fn0,https://api.spotify.com/v1/audio-analysis/2So2zLatKtnIP0cy3a4Fn0,4,,,1,241787,FALSE,https://api.spotify.com/v1/tracks/2So2zLatKtnIP0cy3a4Fn0,FALSE,Lost,https://p.scdn.co/mp3-preview/4065c1de925dee05fc51fa4d9a1fd83b64c7e858?cid=454ac19c68f841c7a9f712be19a65d51,10,track,spotify:track:2So2zLatKtnIP0cy3a4Fn0,https://open.spotify.com/track/2So2zLatKtnIP0cy3a4Fn0,Wings,A,minor,A minor
BTS,3Nrfpe0tUJi4K4DXYWgMUX,1vhNGBTFoaSTLbHjPGFIlF,album,,2016-10-10,2016,day,0.817,0.797,1,-4.395,0,0.0839,0.00533,7.77e-6,0.0551,0.361,119.978,4cTSnpyaIR1qGaTOLJunDM,https://api.spotify.com/v1/audio-analysis/4cTSnpyaIR1qGaTOLJunDM,4,,,1,294463,FALSE,https://api.spotify.com/v1/tracks/4cTSnpyaIR1qGaTOLJunDM,FALSE,BTS Cypher 4,https://p.scdn.co/mp3-preview/1692d6f433c2e5a5d99ce5cdfcd09aa8057e3dc5?cid=454ac19c68f841c7a9f712be19a65d51,11,track,spotify:track:4cTSnpyaIR1qGaTOLJunDM,https://open.spotify.com/track/4cTSnpyaIR1qGaTOLJunDM,Wings,C#,minor,C# minor
BTS,3Nrfpe0tUJi4K4DXYWgMUX,1vhNGBTFoaSTLbHjPGFIlF,album,,2016-10-10,2016,day,0.76,0.834,6,-4.992,1,0.0494,0.00125,1.07e-5,0.0868,0.679,107.988,7BFVLQASwcGrxEPsz1teIW,https://api.spotify.com/v1/audio-analysis/7BFVLQASwcGrxEPsz1teIW,4,,,1,213082,FALSE,https://api.spotify.com/v1/tracks/7BFVLQASwcGrxEPsz1teIW,FALSE,Am I Wrong,https://p.scdn.co/mp3-preview/b8ea2c2c216aad86e49f0a2b83a57e29fabe6719?cid=454ac19c68f841c7a9f712be19a65d51,12,track,spotify:track:7BFVLQASwcGrxEPsz1teIW,https://open.spotify.com/track/7BFVLQASwcGrxEPsz1teIW,Wings,F#,major,F# major
BTS,3Nrfpe0tUJi4K4DXYWgMUX,1vhNGBTFoaSTLbHjPGFIlF,album,,2016-10-10,2016,day,0.716,0.906,2,-3.539,1,0.0719,0.00424,0,0.0547,0.763,101.029,52d5NT69mkmr6WzvQJ9vHr,https://api.spotify.com/v1/audio-analysis/52d5NT69mkmr6WzvQJ9vHr,4,,,1,192596,FALSE,https://api.spotify.com/v1/tracks/52d5NT69mkmr6WzvQJ9vHr,FALSE,21st Century Girl,https://p.scdn.co/mp3-preview/5f7247f22c90294707ee9b98615532c10307ee30?cid=454ac19c68f841c7a9f712be19a65d51,13,track,spotify:track:52d5NT69mkmr6WzvQJ9vHr,https://open.spotify.com/track/52d5NT69mkmr6WzvQJ9vHr,Wings,D,major,D major
BTS,3Nrfpe0tUJi4K4DXYWgMUX,1vhNGBTFoaSTLbHjPGFIlF,album,,2016-10-10,2016,day,0.442,0.928,7,-4.096,1,0.207,0.0257,0,0.1,0.601,169.847,3KVOfGrYVjoP1w8T2HVltm,https://api.spotify.com/v1/audio-analysis/3KVOfGrYVjoP1w8T2HVltm,4,,,1,272537,FALSE,https://api.spotify.com/v1/tracks/3KVOfGrYVjoP1w8T2HVltm,FALSE,2! 3!,https://p.scdn.co/mp3-preview/de7a28750b49e5aedc1d860a7d9e81315f58fbb6?cid=454ac19c68f841c7a9f712be19a65d51,14,track,spotify:track:3KVOfGrYVjoP1w8T2HVltm,https://open.spotify.com/track/3KVOfGrYVjoP1w8T2HVltm,Wings,G,major,G major
BTS,3Nrfpe0tUJi4K4DXYWgMUX,1vhNGBTFoaSTLbHjPGFIlF,album,,2016-10-10,2016,day,0.638,0.851,11,-3.042,0,0.0663,0.0102,0,0.114,0.6,124.992,6dNOlenVY8vp29pkMZOd7c,https://api.spotify.com/v1/audio-analysis/6dNOlenVY8vp29pkMZOd7c,4,,,1,144313,FALSE,https://api.spotify.com/v1/tracks/6dNOlenVY8vp29pkMZOd7c,FALSE,Interlude: Wings,https://p.scdn.co/mp3-preview/189733969c3efba2300d67061882fcac855213d2?cid=454ac19c68f841c7a9f712be19a65d51,15,track,spotify:track:6dNOlenVY8vp29pkMZOd7c,https://open.spotify.com/track/6dNOlenVY8vp29pkMZOd7c,Wings,B,minor,B minor
BTS,3Nrfpe0tUJi4K4DXYWgMUX,442zUwKHCTO47XPF7cUSqY,album,,2016-09-07,2016,day,0.563,0.909,6,-5.321,0,0.086,0.00148,0.0028,0.364,0.547,87.01,5KLKbUVfdHOTCDybf61LEW,https://api.spotify.com/v1/audio-analysis/5KLKbUVfdHOTCDybf61LEW,4,,,1,138973,FALSE,https://api.spotify.com/v1/tracks/5KLKbUVfdHOTCDybf61LEW,FALSE,Introduction : Youth,https://p.scdn.co/mp3-preview/0c910a387541b5c6c2da2828327877bf5c45965e?cid=454ac19c68f841c7a9f712be19a65d51,1,track,spotify:track:5KLKbUVfdHOTCDybf61LEW,https://open.spotify.com/track/5KLKbUVfdHOTCDybf61LEW,Youth,F#,minor,F# minor
BTS,3Nrfpe0tUJi4K4DXYWgMUX,442zUwKHCTO47XPF7cUSqY,album,,2016-09-07,2016,day,0.543,0.832,8,-4.717,1,0.209,0.0168,0,0.0398,0.636,179.963,3UvbL9zd4XTsCL8O6Qp2bR,https://api.spotify.com/v1/audio-analysis/3UvbL9zd4XTsCL8O6Qp2bR,4,,,1,271760,FALSE,https://api.spotify.com/v1/tracks/3UvbL9zd4XTsCL8O6Qp2bR,FALSE,Wishing On A Star,https://p.scdn.co/mp3-preview/a5b460329611a89520baa1252e1f1707721f5e13?cid=454ac19c68f841c7a9f712be19a65d51,9,track,spotify:track:3UvbL9zd4XTsCL8O6Qp2bR,https://open.spotify.com/track/3UvbL9zd4XTsCL8O6Qp2bR,Youth,G#,major,G# major
BTS,3Nrfpe0tUJi4K4DXYWgMUX,442zUwKHCTO47XPF7cUSqY,album,,2016-09-07,2016,day,0.548,0.809,4,-4.533,1,0.185,0.44,0,0.102,0.574,165.892,2offgVA6h500KKIvUYU5kP,https://api.spotify.com/v1/audio-analysis/2offgVA6h500KKIvUYU5kP,4,,,1,284586,FALSE,https://api.spotify.com/v1/tracks/2offgVA6h500KKIvUYU5kP,FALSE,For You,https://p.scdn.co/mp3-preview/91be529540ff901a8c2d568b3c60818cd57484e9?cid=454ac19c68f841c7a9f712be19a65d51,11,track,spotify:track:2offgVA6h500KKIvUYU5kP,https://open.spotify.com/track/2offgVA6h500KKIvUYU5kP,Youth,E,major,E major
BTS,3Nrfpe0tUJi4K4DXYWgMUX,2SfolP7nZFrWM6n5f1R2nU,album,,2016-05-02,2016,day,0.613,0.822,1,-3.48,1,0.062,0.0269,0,0.0783,0.54,139.936,7tBAC0Wr1Z8w1FsV5ioK3t,https://api.spotify.com/v1/audio-analysis/7tBAC0Wr1Z8w1FsV5ioK3t,4,,,1,196505,FALSE,https://api.spotify.com/v1/tracks/7tBAC0Wr1Z8w1FsV5ioK3t,FALSE,Save Me,https://p.scdn.co/mp3-preview/b157c7907fd4fc290319a6a0e26c944bfaaffb3f?cid=454ac19c68f841c7a9f712be19a65d51,11,track,spotify:track:7tBAC0Wr1Z8w1FsV5ioK3t,https://open.spotify.com/track/7tBAC0Wr1Z8w1FsV5ioK3t,Young_Forever,C#,major,C# major
BTS,3Nrfpe0tUJi4K4DXYWgMUX,2SfolP7nZFrWM6n5f1R2nU,album,,2016-05-02,2016,day,0.606,0.815,5,-3.818,0,0.232,0.04,0,0.119,0.386,88.054,7GCvlFoA5z3ad35LQUcht0,https://api.spotify.com/v1/audio-analysis/7GCvlFoA5z3ad35LQUcht0,4,,,1,171803,FALSE,https://api.spotify.com/v1/tracks/7GCvlFoA5z3ad35LQUcht0,FALSE,Epilogue: Young Forever,https://p.scdn.co/mp3-preview/1f1fe7021879abf2f4092efc331bea3ae958ca1f?cid=454ac19c68f841c7a9f712be19a65d51,12,track,spotify:track:7GCvlFoA5z3ad35LQUcht0,https://open.spotify.com/track/7GCvlFoA5z3ad35LQUcht0,Young_Forever,F,minor,F minor
BTS,3Nrfpe0tUJi4K4DXYWgMUX,2SfolP7nZFrWM6n5f1R2nU,album,,2016-05-02,2016,day,0.367,0.668,2,-4.484,0,0.052,0.336,0,0.147,0.384,104.961,0Zu1OfDq459OkTa8hbXwi0,https://api.spotify.com/v1/audio-analysis/0Zu1OfDq459OkTa8hbXwi0,4,,,2,226212,FALSE,https://api.spotify.com/v1/tracks/0Zu1OfDq459OkTa8hbXwi0,FALSE,House of Cards - Full Length Edition,https://p.scdn.co/mp3-preview/4ce3c6ce4b8259dbafc1a5dc1b823bd0c28c339c?cid=454ac19c68f841c7a9f712be19a65d51,5,track,spotify:track:0Zu1OfDq459OkTa8hbXwi0,https://open.spotify.com/track/0Zu1OfDq459OkTa8hbXwi0,Young_Forever,D,minor,D minor
BTS,3Nrfpe0tUJi4K4DXYWgMUX,2SfolP7nZFrWM6n5f1R2nU,album,,2016-05-02,2016,day,0.462,0.576,2,-5.089,1,0.0831,0.124,0,0.127,0.278,102.972,2S7hgNNvRUE8cquxNhkRSj,https://api.spotify.com/v1/audio-analysis/2S7hgNNvRUE8cquxNhkRSj,4,,,2,221619,FALSE,https://api.spotify.com/v1/tracks/2S7hgNNvRUE8cquxNhkRSj,FALSE,Love Is Not Over - Full Length Edition,https://p.scdn.co/mp3-preview/a31552bb7d95ce50bfa43673215ee5644ae0b237?cid=454ac19c68f841c7a9f712be19a65d51,6,track,spotify:track:2S7hgNNvRUE8cquxNhkRSj,https://open.spotify.com/track/2S7hgNNvRUE8cquxNhkRSj,Young_Forever,D,major,D major
BTS,3Nrfpe0tUJi4K4DXYWgMUX,07Rq17GzCnIdWJcyVHb57G,album,,2017-09-18,2017,day,0.477,0.581,8,-8.795,1,0.119,0.523,0,0.201,0.282,129.571,61RvEx7GLYRHQhG7ldjJo1,https://api.spotify.com/v1/audio-analysis/61RvEx7GLYRHQhG7ldjJo1,4,,,1,139971,FALSE,https://api.spotify.com/v1/tracks/61RvEx7GLYRHQhG7ldjJo1,FALSE,Intro: Serendipity,https://p.scdn.co/mp3-preview/3840361d38870ec1313cf12b460c3e4cf1b2a8d7?cid=454ac19c68f841c7a9f712be19a65d51,1,track,spotify:track:61RvEx7GLYRHQhG7ldjJo1,https://open.spotify.com/track/61RvEx7GLYRHQhG7ldjJo1,LY_Her,G#,major,G# major
BTS,3Nrfpe0tUJi4K4DXYWgMUX,07Rq17GzCnIdWJcyVHb57G,album,,2017-09-18,2017,day,0.599,0.775,1,-4.018,0,0.0543,0.0217,0,0.0678,0.696,129.817,3uRLwBjI2TahxslcMTvpFs,https://api.spotify.com/v1/audio-analysis/3uRLwBjI2TahxslcMTvpFs,4,,,1,223122,FALSE,https://api.spotify.com/v1/tracks/3uRLwBjI2TahxslcMTvpFs,FALSE,DNA,https://p.scdn.co/mp3-preview/5031e0d1f4e1dedd05ade1b24a3beec07d7c75ce?cid=454ac19c68f841c7a9f712be19a65d51,2,track,spotify:track:3uRLwBjI2TahxslcMTvpFs,https://open.spotify.com/track/3uRLwBjI2TahxslcMTvpFs,LY_Her,C#,minor,C# minor
BTS,3Nrfpe0tUJi4K4DXYWgMUX,07Rq17GzCnIdWJcyVHb57G,album,,2017-09-18,2017,day,0.655,0.756,8,-4.388,1,0.07,0.0298,0,0.396,0.469,121.936,5C6A1WXVfKvBBQmaFFnBgs,https://api.spotify.com/v1/audio-analysis/5C6A1WXVfKvBBQmaFFnBgs,4,,,1,227191,FALSE,https://api.spotify.com/v1/tracks/5C6A1WXVfKvBBQmaFFnBgs,FALSE,Best Of Me,https://p.scdn.co/mp3-preview/815f6c29bfb8d5e4a727b2073cc62233fc26722f?cid=454ac19c68f841c7a9f712be19a65d51,3,track,spotify:track:5C6A1WXVfKvBBQmaFFnBgs,https://open.spotify.com/track/5C6A1WXVfKvBBQmaFFnBgs,LY_Her,G#,major,G# major
BTS,3Nrfpe0tUJi4K4DXYWgMUX,07Rq17GzCnIdWJcyVHb57G,album,,2017-09-18,2017,day,0.612,0.844,5,-4.694,0,0.0757,0.14,0,0.289,0.652,134.872,6pp6xf9zS55GD4nr318XUH,https://api.spotify.com/v1/audio-analysis/6pp6xf9zS55GD4nr318XUH,4,,,1,196776,FALSE,https://api.spotify.com/v1/tracks/6pp6xf9zS55GD4nr318XUH,FALSE,dimple,https://p.scdn.co/mp3-preview/e8b344f7b8d49ba1f86a9baae120a4522a56fbe7?cid=454ac19c68f841c7a9f712be19a65d51,4,track,spotify:track:6pp6xf9zS55GD4nr318XUH,https://open.spotify.com/track/6pp6xf9zS55GD4nr318XUH,LY_Her,F,minor,F minor
BTS,3Nrfpe0tUJi4K4DXYWgMUX,07Rq17GzCnIdWJcyVHb57G,album,,2017-09-18,2017,day,0.583,0.712,2,-4.942,0,0.0326,0.2,0,0.268,0.778,94.051,1ZPeaPDjQOOC8hw1mNjyjF,https://api.spotify.com/v1/audio-analysis/1ZPeaPDjQOOC8hw1mNjyjF,4,,,1,245620,FALSE,https://api.spotify.com/v1/tracks/1ZPeaPDjQOOC8hw1mNjyjF,FALSE,Pied Piper,https://p.scdn.co/mp3-preview/6d820f1430155da5ebdd9925d9616d8e0300274e?cid=454ac19c68f841c7a9f712be19a65d51,5,track,spotify:track:1ZPeaPDjQOOC8hw1mNjyjF,https://open.spotify.com/track/1ZPeaPDjQOOC8hw1mNjyjF,LY_Her,D,minor,D minor
BTS,3Nrfpe0tUJi4K4DXYWgMUX,07Rq17GzCnIdWJcyVHb57G,album,,2017-09-18,2017,day,0.315,0.694,3,-15.389,1,0.398,0.38,2.03e-4,0.66,0.327,90.586,6OeYM2861GaP3D1pbBqmbp,https://api.spotify.com/v1/audio-analysis/6OeYM2861GaP3D1pbBqmbp,3,,,1,107062,FALSE,https://api.spotify.com/v1/tracks/6OeYM2861GaP3D1pbBqmbp,FALSE,Skit: Billboard Music Awards Speech,https://p.scdn.co/mp3-preview/d4ede726b15e0bdb0f858b83174eff8b11c993ee?cid=454ac19c68f841c7a9f712be19a65d51,6,track,spotify:track:6OeYM2861GaP3D1pbBqmbp,https://open.spotify.com/track/6OeYM2861GaP3D1pbBqmbp,LY_Her,D#,major,D# major
BTS,3Nrfpe0tUJi4K4DXYWgMUX,07Rq17GzCnIdWJcyVHb57G,album,,2017-09-18,2017,day,0.667,0.889,6,-4.851,1,0.0917,0.00912,0,0.0816,0.541,169.961,4gZGAVECoiutzp64KSHNjE,https://api.spotify.com/v1/audio-analysis/4gZGAVECoiutzp64KSHNjE,4,,,1,238193,FALSE,https://api.spotify.com/v1/tracks/4gZGAVECoiutzp64KSHNjE,FALSE,MIC Drop,https://p.scdn.co/mp3-preview/7f839bd9758df8bc2ed9410a914830300ab153dc?cid=454ac19c68f841c7a9f712be19a65d51,7,track,spotify:track:4gZGAVECoiutzp64KSHNjE,https://open.spotify.com/track/4gZGAVECoiutzp64KSHNjE,LY_Her,F#,major,F# major
BTS,3Nrfpe0tUJi4K4DXYWgMUX,07Rq17GzCnIdWJcyVHb57G,album,,2017-09-18,2017,day,0.856,0.617,10,-5.308,0,0.084,0.171,0,0.0857,0.759,136.081,5vOT8VO87TAnUjh0oADwb1,https://api.spotify.com/v1/audio-analysis/5vOT8VO87TAnUjh0oADwb1,4,,,1,235779,FALSE,https://api.spotify.com/v1/tracks/5vOT8VO87TAnUjh0oADwb1,FALSE,Go Go,https://p.scdn.co/mp3-preview/09974dfc0d4a4efe0c470700d7e9d6b310dbe80d?cid=454ac19c68f841c7a9f712be19a65d51,8,track,spotify:track:5vOT8VO87TAnUjh0oADwb1,https://open.spotify.com/track/5vOT8VO87TAnUjh0oADwb1,LY_Her,A#,minor,A# minor
BTS,3Nrfpe0tUJi4K4DXYWgMUX,07Rq17GzCnIdWJcyVHb57G,album,,2017-09-18,2017,day,0.48,0.927,3,-5.704,1,0.27,0.317,0,0.0583,0.45,88.804,559U79ujLJSP6OUyH2nGLl,https://api.spotify.com/v1/audio-analysis/559U79ujLJSP6OUyH2nGLl,4,,,1,228612,FALSE,https://api.spotify.com/v1/tracks/559U79ujLJSP6OUyH2nGLl,FALSE,Outro: Her,https://p.scdn.co/mp3-preview/305aea2c5e9021af458ca6938951554db8d22871?cid=454ac19c68f841c7a9f712be19a65d51,9,track,spotify:track:559U79ujLJSP6OUyH2nGLl,https://open.spotify.com/track/559U79ujLJSP6OUyH2nGLl,LY_Her,D#,major,D# major
BTS,3Nrfpe0tUJi4K4DXYWgMUX,1ldyIW90eel4OGhWov8ybM,album,,2017-02-13,2017,day,0.593,0.945,8,-3.408,1,0.126,0.00174,0,0.923,0.674,110.023,6MUzTwv51p7cfxSjeqCwbi,https://api.spotify.com/v1/audio-analysis/6MUzTwv51p7cfxSjeqCwbi,4,,,1,231859,FALSE,https://api.spotify.com/v1/tracks/6MUzTwv51p7cfxSjeqCwbi,FALSE,Not Today,https://p.scdn.co/mp3-preview/075464cbcedce913fcb3b9e57905bc2020d66e40?cid=454ac19c68f841c7a9f712be19a65d51,16,track,spotify:track:6MUzTwv51p7cfxSjeqCwbi,https://open.spotify.com/track/6MUzTwv51p7cfxSjeqCwbi,You_Never_Walk_Alone,G#,major,G# major
BTS,3Nrfpe0tUJi4K4DXYWgMUX,1ldyIW90eel4OGhWov8ybM,album,,2017-02-13,2017,day,0.651,0.903,11,-3.117,0,0.129,0.00503,0,0.0875,0.658,125.032,123r1xiF4jUUYRgkpPoCNP,https://api.spotify.com/v1/audio-analysis/123r1xiF4jUUYRgkpPoCNP,4,,,1,225446,FALSE,https://api.spotify.com/v1/tracks/123r1xiF4jUUYRgkpPoCNP,FALSE,Outro: Wings,https://p.scdn.co/mp3-preview/19af4e8e2ebfc748cc9c598a99b83e217f62d713?cid=454ac19c68f841c7a9f712be19a65d51,17,track,spotify:track:123r1xiF4jUUYRgkpPoCNP,https://open.spotify.com/track/123r1xiF4jUUYRgkpPoCNP,You_Never_Walk_Alone,B,minor,B minor
BTS,3Nrfpe0tUJi4K4DXYWgMUX,1ldyIW90eel4OGhWov8ybM,album,,2017-02-13,2017,day,0.696,0.903,8,-4.788,1,0.151,0.00596,0,0.0668,0.59,127.994,0wmpcI1d5UrOZIGTQ60AZM,https://api.spotify.com/v1/audio-analysis/0wmpcI1d5UrOZIGTQ60AZM,4,,,1,156060,FALSE,https://api.spotify.com/v1/tracks/0wmpcI1d5UrOZIGTQ60AZM,FALSE,A Supplementary Story: You Never Walk Alone,https://p.scdn.co/mp3-preview/395aa375367308ca73d91575e341af84071b8844?cid=454ac19c68f841c7a9f712be19a65d51,18,track,spotify:track:0wmpcI1d5UrOZIGTQ60AZM,https://open.spotify.com/track/0wmpcI1d5UrOZIGTQ60AZM,You_Never_Walk_Alone,G#,major,G# major
BTS,3Nrfpe0tUJi4K4DXYWgMUX,6THpewjqJ15ORBJkh5CEYb,album,,2017-02-13,2017,day,0.539,0.846,8,-3.192,1,0.0354,0.00631,1.71e-6,0.13,0.462,106.994,2j1fFjWHCI9KJSwcuYAOyF,https://api.spotify.com/v1/audio-analysis/2j1fFjWHCI9KJSwcuYAOyF,4,,,1,274097,FALSE,https://api.spotify.com/v1/tracks/2j1fFjWHCI9KJSwcuYAOyF,FALSE,Spring Day,https://p.scdn.co/mp3-preview/e2504a289eb9462a6d08e17ae9ce1fade272ab1f?cid=454ac19c68f841c7a9f712be19a65d51,15,track,spotify:track:2j1fFjWHCI9KJSwcuYAOyF,https://open.spotify.com/track/2j1fFjWHCI9KJSwcuYAOyF,You_Never_Walk_Alone,G#,major,G# major
BTS,3Nrfpe0tUJi4K4DXYWgMUX,43wFM1HquliY3iwKWzPN4y,album,,2018-08-24,2018,day,0.637,0.799,2,-4.518,1,0.0338,0.394,0,0.0921,0.57,104.996,5YMXGBD6vcYP7IolemyLtK,https://api.spotify.com/v1/audio-analysis/5YMXGBD6vcYP7IolemyLtK,4,,,1,228615,FALSE,https://api.spotify.com/v1/tracks/5YMXGBD6vcYP7IolemyLtK,FALSE,Euphoria,https://p.scdn.co/mp3-preview/af20f36301df394eeca1794397a853c2d38bd5f3?cid=454ac19c68f841c7a9f712be19a65d51,1,track,spotify:track:5YMXGBD6vcYP7IolemyLtK,https://open.spotify.com/track/5YMXGBD6vcYP7IolemyLtK,LY_Answer,D,major,D major
BTS,3Nrfpe0tUJi4K4DXYWgMUX,43wFM1HquliY3iwKWzPN4y,album,,2018-08-24,2018,day,0.723,0.906,1,-4.777,0,0.281,0.0929,0,0.0771,0.393,125.023,4YDHRtzm0OGuieCTVQjVuk,https://api.spotify.com/v1/audio-analysis/4YDHRtzm0OGuieCTVQjVuk,4,,,1,225220,FALSE,https://api.spotify.com/v1/tracks/4YDHRtzm0OGuieCTVQjVuk,FALSE,Trivia 起 : Just Dance,https://p.scdn.co/mp3-preview/f59ab5f5508388dccd14a33d6cc90590cec66cec?cid=454ac19c68f841c7a9f712be19a65d51,2,track,spotify:track:4YDHRtzm0OGuieCTVQjVuk,https://open.spotify.com/track/4YDHRtzm0OGuieCTVQjVuk,LY_Answer,C#,minor,C# minor
BTS,3Nrfpe0tUJi4K4DXYWgMUX,43wFM1HquliY3iwKWzPN4y,album,,2018-08-24,2018,day,0.422,0.578,8,-7.524,1,0.0548,0.443,0,0.231,0.227,128.921,1dS4l6xmdgEhCZTAhdOm4N,https://api.spotify.com/v1/audio-analysis/1dS4l6xmdgEhCZTAhdOm4N,4,,,1,276707,FALSE,https://api.spotify.com/v1/tracks/1dS4l6xmdgEhCZTAhdOm4N,FALSE,Serendipity - Full Length Edition,https://p.scdn.co/mp3-preview/4a33fe455e5f2441ce08f7e5641af61f364aa1c6?cid=454ac19c68f841c7a9f712be19a65d51,3,track,spotify:track:1dS4l6xmdgEhCZTAhdOm4N,https://open.spotify.com/track/1dS4l6xmdgEhCZTAhdOm4N,LY_Answer,G#,major,G# major
BTS,3Nrfpe0tUJi4K4DXYWgMUX,43wFM1HquliY3iwKWzPN4y,album,,2018-08-24,2018,day,0.761,0.761,5,-5.721,0,0.0899,0.242,0,0.103,0.484,121.971,6bSwpQYEguyMlkCoWiBt3Y,https://api.spotify.com/v1/audio-analysis/6bSwpQYEguyMlkCoWiBt3Y,4,,,1,225697,FALSE,https://api.spotify.com/v1/tracks/6bSwpQYEguyMlkCoWiBt3Y,FALSE,Trivia 承 : Love,https://p.scdn.co/mp3-preview/97853c9a1a1606143eeea0c89c75ef65d47e0702?cid=454ac19c68f841c7a9f712be19a65d51,6,track,spotify:track:6bSwpQYEguyMlkCoWiBt3Y,https://open.spotify.com/track/6bSwpQYEguyMlkCoWiBt3Y,LY_Answer,F,minor,F minor
BTS,3Nrfpe0tUJi4K4DXYWgMUX,43wFM1HquliY3iwKWzPN4y,album,,2018-08-24,2018,day,0.48,0.927,3,-5.704,1,0.27,0.317,0,0.0583,0.45,88.804,6FHVHycPPTQp6aAHjLhzFT,https://api.spotify.com/v1/audio-analysis/6FHVHycPPTQp6aAHjLhzFT,4,,,1,228612,FALSE,https://api.spotify.com/v1/tracks/6FHVHycPPTQp6aAHjLhzFT,FALSE,Her,https://p.scdn.co/mp3-preview/305aea2c5e9021af458ca6938951554db8d22871?cid=454ac19c68f841c7a9f712be19a65d51,7,track,spotify:track:6FHVHycPPTQp6aAHjLhzFT,https://open.spotify.com/track/6FHVHycPPTQp6aAHjLhzFT,LY_Answer,D#,major,D# major
BTS,3Nrfpe0tUJi4K4DXYWgMUX,43wFM1HquliY3iwKWzPN4y,album,,2018-08-24,2018,day,0.775,0.272,1,-9.126,0,0.091,0.56,0.00278,0.112,0.198,103.991,2ApfJvLr7RbhJl6NOVhEu6,https://api.spotify.com/v1/audio-analysis/2ApfJvLr7RbhJl6NOVhEu6,3,,,1,196998,FALSE,https://api.spotify.com/v1/tracks/2ApfJvLr7RbhJl6NOVhEu6,FALSE,Singularity,https://p.scdn.co/mp3-preview/3bd664aeb4ed931867e52eb2a97b45010bace750?cid=454ac19c68f841c7a9f712be19a65d51,8,track,spotify:track:2ApfJvLr7RbhJl6NOVhEu6,https://open.spotify.com/track/2ApfJvLr7RbhJl6NOVhEu6,LY_Answer,C#,minor,C# minor
BTS,3Nrfpe0tUJi4K4DXYWgMUX,43wFM1HquliY3iwKWzPN4y,album,,2018-08-24,2018,day,0.557,0.719,2,-4.515,0,0.0371,0.00267,0,0.306,0.345,77.502,6a0gRYXKK0YU69cXaB2RrK,https://api.spotify.com/v1/audio-analysis/6a0gRYXKK0YU69cXaB2RrK,4,,,1,242333,FALSE,https://api.spotify.com/v1/tracks/6a0gRYXKK0YU69cXaB2RrK,FALSE,FAKE LOVE,https://p.scdn.co/mp3-preview/24ec465728ed83e2113589cd0fdab7f0de11bf7a?cid=454ac19c68f841c7a9f712be19a65d51,9,track,spotify:track:6a0gRYXKK0YU69cXaB2RrK,https://open.spotify.com/track/6a0gRYXKK0YU69cXaB2RrK,LY_Answer,D,minor,D minor
BTS,3Nrfpe0tUJi4K4DXYWgMUX,43wFM1HquliY3iwKWzPN4y,album,,2018-08-24,2018,day,0.571,0.422,1,-7.561,0,0.0422,0.374,0,0.127,0.169,113.016,4eP8Syl3aBEQw3Jy5Bhq0D,https://api.spotify.com/v1/audio-analysis/4eP8Syl3aBEQw3Jy5Bhq0D,4,,,1,242292,FALSE,https://api.spotify.com/v1/tracks/4eP8Syl3aBEQw3Jy5Bhq0D,FALSE,The Truth Untold,https://p.scdn.co/mp3-preview/8d1acab2155e6bfbc9b6174b925c968b231731d8?cid=454ac19c68f841c7a9f712be19a65d51,10,track,spotify:track:4eP8Syl3aBEQw3Jy5Bhq0D,https://open.spotify.com/track/4eP8Syl3aBEQw3Jy5Bhq0D,LY_Answer,C#,minor,C# minor
BTS,3Nrfpe0tUJi4K4DXYWgMUX,43wFM1HquliY3iwKWzPN4y,album,,2018-08-24,2018,day,0.707,0.791,5,-4.483,0,0.035,0.179,0,0.102,0.674,106.985,0mZI1NpihIVcho2f9MmqSW,https://api.spotify.com/v1/audio-analysis/0mZI1NpihIVcho2f9MmqSW,4,,,1,246334,FALSE,https://api.spotify.com/v1/tracks/0mZI1NpihIVcho2f9MmqSW,FALSE,Trivia 轉 : Seesaw,https://p.scdn.co/mp3-preview/9e0b708a4498bd2e869fe7de9255f4a1ebe6471a?cid=454ac19c68f841c7a9f712be19a65d51,11,track,spotify:track:0mZI1NpihIVcho2f9MmqSW,https://open.spotify.com/track/0mZI1NpihIVcho2f9MmqSW,LY_Answer,F,minor,F minor
BTS,3Nrfpe0tUJi4K4DXYWgMUX,43wFM1HquliY3iwKWzPN4y,album,,2018-08-24,2018,day,0.711,0.903,6,-2.723,0,0.246,0.327,0,0.0887,0.469,140.02,3smbno1dKL410vC27M5KOS,https://api.spotify.com/v1/audio-analysis/3smbno1dKL410vC27M5KOS,4,,,1,284980,FALSE,https://api.spotify.com/v1/tracks/3smbno1dKL410vC27M5KOS,FALSE,Tear,https://p.scdn.co/mp3-preview/26ba623124082336043812fb29d3c7125477a6c1?cid=454ac19c68f841c7a9f712be19a65d51,12,track,spotify:track:3smbno1dKL410vC27M5KOS,https://open.spotify.com/track/3smbno1dKL410vC27M5KOS,LY_Answer,F#,minor,F# minor
BTS,3Nrfpe0tUJi4K4DXYWgMUX,43wFM1HquliY3iwKWzPN4y,album,,2018-08-24,2018,day,0.508,0.559,2,-6.366,0,0.0276,0.288,0,0.131,0.329,135.866,6L88EH68XwlaXwvChlTS41,https://api.spotify.com/v1/audio-analysis/6L88EH68XwlaXwvChlTS41,4,,,1,240361,FALSE,https://api.spotify.com/v1/tracks/6L88EH68XwlaXwvChlTS41,FALSE,Epiphany,https://p.scdn.co/mp3-preview/d08ffa27e224f3d5d14a5b23bceef60f557475fb?cid=454ac19c68f841c7a9f712be19a65d51,13,track,spotify:track:6L88EH68XwlaXwvChlTS41,https://open.spotify.com/track/6L88EH68XwlaXwvChlTS41,LY_Answer,D,minor,D minor
BTS,3Nrfpe0tUJi4K4DXYWgMUX,43wFM1HquliY3iwKWzPN4y,album,,2018-08-24,2018,day,0.511,0.84,11,-2.781,0,0.103,0.00852,0,0.346,0.303,87.605,7HYJqAMbKDJYRyEfUGOCBB,https://api.spotify.com/v1/audio-analysis/7HYJqAMbKDJYRyEfUGOCBB,4,,,1,240339,FALSE,https://api.spotify.com/v1/tracks/7HYJqAMbKDJYRyEfUGOCBB,FALSE,I'm Fine,https://p.scdn.co/mp3-preview/f926a1386a23224406a319ffe860cfa1fbc2f256?cid=454ac19c68f841c7a9f712be19a65d51,14,track,spotify:track:7HYJqAMbKDJYRyEfUGOCBB,https://open.spotify.com/track/7HYJqAMbKDJYRyEfUGOCBB,LY_Answer,B,minor,B minor
BTS,3Nrfpe0tUJi4K4DXYWgMUX,43wFM1HquliY3iwKWzPN4y,album,,2018-08-24,2018,day,0.733,0.855,9,-3.211,1,0.118,0.00481,0,0.123,0.42,126.035,1e8J3XClxZbFmvIHLI8CE4,https://api.spotify.com/v1/audio-analysis/1e8J3XClxZbFmvIHLI8CE4,4,,,1,222732,FALSE,https://api.spotify.com/v1/tracks/1e8J3XClxZbFmvIHLI8CE4,FALSE,IDOL,https://p.scdn.co/mp3-preview/93b4dfb9190f85c0ee0cd927794f5d0b7911017d?cid=454ac19c68f841c7a9f712be19a65d51,15,track,spotify:track:1e8J3XClxZbFmvIHLI8CE4,https://open.spotify.com/track/1e8J3XClxZbFmvIHLI8CE4,LY_Answer,A,major,A major
BTS,3Nrfpe0tUJi4K4DXYWgMUX,43wFM1HquliY3iwKWzPN4y,album,,2018-08-24,2018,day,0.568,0.793,1,-3.749,1,0.0406,0.189,0,0.111,0.45,108.051,2X3UgVLSA4wYriGIQyYmMA,https://api.spotify.com/v1/audio-analysis/2X3UgVLSA4wYriGIQyYmMA,4,,,1,251279,FALSE,https://api.spotify.com/v1/tracks/2X3UgVLSA4wYriGIQyYmMA,FALSE,Answer : Love Myself,https://p.scdn.co/mp3-preview/036f1dc801825b3b6cc281b1c0cc3711e7c4efce?cid=454ac19c68f841c7a9f712be19a65d51,16,track,spotify:track:2X3UgVLSA4wYriGIQyYmMA,https://open.spotify.com/track/2X3UgVLSA4wYriGIQyYmMA,LY_Answer,C#,major,C# major
BTS,3Nrfpe0tUJi4K4DXYWgMUX,43wFM1HquliY3iwKWzPN4y,album,,2018-08-24,2018,day,0.531,0.661,1,-5.836,1,0.0907,0.103,0,0.0779,0.278,149.934,37nOpaUof3d4Xsmr6moAiI,https://api.spotify.com/v1/audio-analysis/37nOpaUof3d4Xsmr6moAiI,4,,,2,275695,FALSE,https://api.spotify.com/v1/tracks/37nOpaUof3d4Xsmr6moAiI,FALSE,Magic Shop,https://p.scdn.co/mp3-preview/572e90c2c0eefc57a94d74dfe1e3c18c364ab32c?cid=454ac19c68f841c7a9f712be19a65d51,1,track,spotify:track:37nOpaUof3d4Xsmr6moAiI,https://open.spotify.com/track/37nOpaUof3d4Xsmr6moAiI,LY_Answer,C#,major,C# major
BTS,3Nrfpe0tUJi4K4DXYWgMUX,43wFM1HquliY3iwKWzPN4y,album,,2018-08-24,2018,day,0.77,0.817,0,-4.092,0,0.0339,0.0265,1.03e-4,0.084,0.866,139.979,60nwvOMLA1uzLHz3CLp4Na,https://api.spotify.com/v1/audio-analysis/60nwvOMLA1uzLHz3CLp4Na,4,,,2,218614,FALSE,https://api.spotify.com/v1/tracks/60nwvOMLA1uzLHz3CLp4Na,FALSE,Airplane pt.2,https://p.scdn.co/mp3-preview/53dc7fee91bc4ae79b9a312f73e529e3093f0be1?cid=454ac19c68f841c7a9f712be19a65d51,3,track,spotify:track:60nwvOMLA1uzLHz3CLp4Na,https://open.spotify.com/track/60nwvOMLA1uzLHz3CLp4Na,LY_Answer,C,minor,C minor
BTS,3Nrfpe0tUJi4K4DXYWgMUX,43wFM1HquliY3iwKWzPN4y,album,,2018-08-24,2018,day,0.813,0.876,1,-2.92,0,0.0922,0.024,0,0.287,0.757,98.989,453W8V5Ynwn6Tr28KuOwsO,https://api.spotify.com/v1/audio-analysis/453W8V5Ynwn6Tr28KuOwsO,4,,,2,232966,FALSE,https://api.spotify.com/v1/tracks/453W8V5Ynwn6Tr28KuOwsO,FALSE,Anpanman,https://p.scdn.co/mp3-preview/2bb33fa21dc85b52395552787016640db736c03e?cid=454ac19c68f841c7a9f712be19a65d51,5,track,spotify:track:453W8V5Ynwn6Tr28KuOwsO,https://open.spotify.com/track/453W8V5Ynwn6Tr28KuOwsO,LY_Answer,C#,minor,C# minor
BTS,3Nrfpe0tUJi4K4DXYWgMUX,4NIqCxqP9o8Tp6tGLBqd8O,album,,2018-05-18,2018,day,0.775,0.272,1,-9.126,0,0.091,0.56,0.00278,0.112,0.198,103.991,5rNZsITjXf23iFkRA924FV,https://api.spotify.com/v1/audio-analysis/5rNZsITjXf23iFkRA924FV,3,,,1,196998,FALSE,https://api.spotify.com/v1/tracks/5rNZsITjXf23iFkRA924FV,FALSE,Intro: Singularity,https://p.scdn.co/mp3-preview/3bd664aeb4ed931867e52eb2a97b45010bace750?cid=454ac19c68f841c7a9f712be19a65d51,1,track,spotify:track:5rNZsITjXf23iFkRA924FV,https://open.spotify.com/track/5rNZsITjXf23iFkRA924FV,LY_Tear,C#,minor,C# minor
BTS,3Nrfpe0tUJi4K4DXYWgMUX,4NIqCxqP9o8Tp6tGLBqd8O,album,,2018-05-18,2018,day,0.571,0.422,1,-7.561,0,0.0422,0.374,0,0.127,0.169,113.016,7DEKa5Z7Cl8s3Y7imb88OM,https://api.spotify.com/v1/audio-analysis/7DEKa5Z7Cl8s3Y7imb88OM,4,,,1,242292,FALSE,https://api.spotify.com/v1/tracks/7DEKa5Z7Cl8s3Y7imb88OM,FALSE,The Truth Untold (feat. Steve Aoki),https://p.scdn.co/mp3-preview/8d1acab2155e6bfbc9b6174b925c968b231731d8?cid=454ac19c68f841c7a9f712be19a65d51,3,track,spotify:track:7DEKa5Z7Cl8s3Y7imb88OM,https://open.spotify.com/track/7DEKa5Z7Cl8s3Y7imb88OM,LY_Tear,C#,minor,C# minor
BTS,3Nrfpe0tUJi4K4DXYWgMUX,4NIqCxqP9o8Tp6tGLBqd8O,album,,2018-05-18,2018,day,0.665,0.687,11,-6.466,0,0.0547,0.155,9.28e-5,0.173,0.651,106.023,1MX0g22bQkr9HDVe37fLnN,https://api.spotify.com/v1/audio-analysis/1MX0g22bQkr9HDVe37fLnN,4,,,1,230063,FALSE,https://api.spotify.com/v1/tracks/1MX0g22bQkr9HDVe37fLnN,FALSE,134340,https://p.scdn.co/mp3-preview/00c882edd9565453374ffd7c72b14c49cdba04fd?cid=454ac19c68f841c7a9f712be19a65d51,4,track,spotify:track:1MX0g22bQkr9HDVe37fLnN,https://open.spotify.com/track/1MX0g22bQkr9HDVe37fLnN,LY_Tear,B,minor,B minor
BTS,3Nrfpe0tUJi4K4DXYWgMUX,4NIqCxqP9o8Tp6tGLBqd8O,album,,2018-05-18,2018,day,0.551,0.828,5,-5.523,1,0.352,0.214,0,0.0571,0.928,139.662,1YO4xJXhh9A1Feg9k8xuy2,https://api.spotify.com/v1/audio-analysis/1YO4xJXhh9A1Feg9k8xuy2,4,,,1,211223,FALSE,https://api.spotify.com/v1/tracks/1YO4xJXhh9A1Feg9k8xuy2,FALSE,Paradise,https://p.scdn.co/mp3-preview/6a82aaf3cd89cc5b8e3cfc98a2bb9e614b5848ef?cid=454ac19c68f841c7a9f712be19a65d51,5,track,spotify:track:1YO4xJXhh9A1Feg9k8xuy2,https://open.spotify.com/track/1YO4xJXhh9A1Feg9k8xuy2,LY_Tear,F,major,F major
BTS,3Nrfpe0tUJi4K4DXYWgMUX,4NIqCxqP9o8Tp6tGLBqd8O,album,,2018-05-18,2018,day,0.637,0.876,9,-4.652,1,0.0618,0.0483,0,0.0728,0.759,149.93,4ROdFnoZNn2RTmwct0cVpx,https://api.spotify.com/v1/audio-analysis/4ROdFnoZNn2RTmwct0cVpx,4,,,1,221529,FALSE,https://api.spotify.com/v1/tracks/4ROdFnoZNn2RTmwct0cVpx,FALSE,Love Maze,https://p.scdn.co/mp3-preview/60144d18594fc57811e6d115d1a468fdfccda0b7?cid=454ac19c68f841c7a9f712be19a65d51,6,track,spotify:track:4ROdFnoZNn2RTmwct0cVpx,https://open.spotify.com/track/4ROdFnoZNn2RTmwct0cVpx,LY_Tear,A,major,A major
BTS,3Nrfpe0tUJi4K4DXYWgMUX,4NIqCxqP9o8Tp6tGLBqd8O,album,,2018-05-18,2018,day,0.657,0.883,9,-4.294,0,0.0733,0.0238,0,0.0481,0.461,129.943,0wqqe8k13bJPxRt7FEmnwS,https://api.spotify.com/v1/audio-analysis/0wqqe8k13bJPxRt7FEmnwS,4,,,1,281520,FALSE,https://api.spotify.com/v1/tracks/0wqqe8k13bJPxRt7FEmnwS,FALSE,So What,https://p.scdn.co/mp3-preview/90eefae31fc6f44a509147b5528a93de84e85eba?cid=454ac19c68f841c7a9f712be19a65d51,10,track,spotify:track:0wqqe8k13bJPxRt7FEmnwS,https://open.spotify.com/track/0wqqe8k13bJPxRt7FEmnwS,LY_Tear,A,minor,A minor
BTS,3Nrfpe0tUJi4K4DXYWgMUX,4NIqCxqP9o8Tp6tGLBqd8O,album,,2018-05-18,2018,day,0.711,0.903,6,-2.723,0,0.246,0.327,0,0.0887,0.469,140.02,27yKZtF7WLdmlLoW8qMssq,https://api.spotify.com/v1/audio-analysis/27yKZtF7WLdmlLoW8qMssq,4,,,1,284980,FALSE,https://api.spotify.com/v1/tracks/27yKZtF7WLdmlLoW8qMssq,FALSE,Outro: Tear,https://p.scdn.co/mp3-preview/26ba623124082336043812fb29d3c7125477a6c1?cid=454ac19c68f841c7a9f712be19a65d51,11,track,spotify:track:27yKZtF7WLdmlLoW8qMssq,https://open.spotify.com/track/27yKZtF7WLdmlLoW8qMssq,LY_Tear,F#,minor,F# minor
BTS,3Nrfpe0tUJi4K4DXYWgMUX,66J1OXSaS3hBZASOV3el8t,album,,2018-04-04,2018,day,0.62,0.778,8,-4.622,0,0.0724,0.116,0,0.312,0.386,147.012,3zIG0WuI5RoJsFYnErkFDU,https://api.spotify.com/v1/audio-analysis/3zIG0WuI5RoJsFYnErkFDU,4,,,1,227413,FALSE,https://api.spotify.com/v1/tracks/3zIG0WuI5RoJsFYnErkFDU,FALSE,Don't Leave Me,NA,7,track,spotify:track:3zIG0WuI5RoJsFYnErkFDU,https://open.spotify.com/track/3zIG0WuI5RoJsFYnErkFDU,Face_Yourself,G#,minor,G# minor
BTS,3Nrfpe0tUJi4K4DXYWgMUX,66J1OXSaS3hBZASOV3el8t,album,,2018-04-04,2018,day,0.618,0.766,3,-4.507,1,0.0323,0.117,0,0.121,0.448,113.997,6NbfFVZ01Ttvvqmcok8DxL,https://api.spotify.com/v1/audio-analysis/6NbfFVZ01Ttvvqmcok8DxL,4,,,1,323360,FALSE,https://api.spotify.com/v1/tracks/6NbfFVZ01Ttvvqmcok8DxL,FALSE,Crystal Snow,NA,9,track,spotify:track:6NbfFVZ01Ttvvqmcok8DxL,https://open.spotify.com/track/6NbfFVZ01Ttvvqmcok8DxL,Face_Yourself,D#,major,D# major
BTS,3Nrfpe0tUJi4K4DXYWgMUX,66J1OXSaS3hBZASOV3el8t,album,,2018-04-04,2018,day,0.558,0.863,4,-3.53,1,0.178,0.17,0,0.289,0.388,173.908,1OqDvYVDhJyFZny7XlfIyZ,https://api.spotify.com/v1/audio-analysis/1OqDvYVDhJyFZny7XlfIyZ,4,,,1,299706,FALSE,https://api.spotify.com/v1/tracks/1OqDvYVDhJyFZny7XlfIyZ,FALSE,Let Go,NA,11,track,spotify:track:1OqDvYVDhJyFZny7XlfIyZ,https://open.spotify.com/track/1OqDvYVDhJyFZny7XlfIyZ,Face_Yourself,E,major,E major
BTS,3Nrfpe0tUJi4K4DXYWgMUX,1vuZRBjsQH7B8x6wLFe9nz,album,,2019-04-12,2019,day,0.486,0.871,9,-4.475,0,0.337,0.0278,0,0.313,0.659,85.411,1e60XXx2p9W87HCEZlnaB3,https://api.spotify.com/v1/audio-analysis/1e60XXx2p9W87HCEZlnaB3,4,,,1,171023,FALSE,https://api.spotify.com/v1/tracks/1e60XXx2p9W87HCEZlnaB3,FALSE,Intro : Persona,https://p.scdn.co/mp3-preview/b29bb5af01b53b7df73c3a51d41a34081f85b210?cid=454ac19c68f841c7a9f712be19a65d51,1,track,spotify:track:1e60XXx2p9W87HCEZlnaB3,https://open.spotify.com/track/1e60XXx2p9W87HCEZlnaB3,MOTS_Persona,A,minor,A minor
BTS,3Nrfpe0tUJi4K4DXYWgMUX,1vuZRBjsQH7B8x6wLFe9nz,album,,2019-04-12,2019,day,0.639,0.706,7,-7.874,1,0.448,0.0104,0,0.132,0.259,105.782,106Xfvha3rKf5z5gCSUtFX,https://api.spotify.com/v1/audio-analysis/106Xfvha3rKf5z5gCSUtFX,4,,,1,226321,FALSE,https://api.spotify.com/v1/tracks/106Xfvha3rKf5z5gCSUtFX,FALSE,Make It Right,https://p.scdn.co/mp3-preview/72d288469ab15aed14b3f3235d19055c460f592a?cid=454ac19c68f841c7a9f712be19a65d51,4,track,spotify:track:106Xfvha3rKf5z5gCSUtFX,https://open.spotify.com/track/106Xfvha3rKf5z5gCSUtFX,MOTS_Persona,G,major,G major
BTS,3Nrfpe0tUJi4K4DXYWgMUX,1vuZRBjsQH7B8x6wLFe9nz,album,,2019-04-12,2019,day,0.633,0.799,7,-4.625,0,0.0427,0.0144,0,0.194,0.534,142.991,6BppPBOUSoZmpTLuVqwfNt,https://api.spotify.com/v1/audio-analysis/6BppPBOUSoZmpTLuVqwfNt,4,,,1,234177,FALSE,https://api.spotify.com/v1/tracks/6BppPBOUSoZmpTLuVqwfNt,FALSE,HOME,https://p.scdn.co/mp3-preview/106a971f065abda004ea8f58b5e9d55e6dbd1170?cid=454ac19c68f841c7a9f712be19a65d51,5,track,spotify:track:6BppPBOUSoZmpTLuVqwfNt,https://open.spotify.com/track/6BppPBOUSoZmpTLuVqwfNt,MOTS_Persona,G,minor,G minor
BTS,3Nrfpe0tUJi4K4DXYWgMUX,1vuZRBjsQH7B8x6wLFe9nz,album,,2019-04-12,2019,day,0.608,0.47,8,-6.73,1,0.0428,0.226,0,0.0963,0.241,81,5pDabSsxF2KphzQZMcPo1J,https://api.spotify.com/v1/audio-analysis/5pDabSsxF2KphzQZMcPo1J,4,,,1,227275,FALSE,https://api.spotify.com/v1/tracks/5pDabSsxF2KphzQZMcPo1J,FALSE,Jamais Vu,https://p.scdn.co/mp3-preview/e8229fe82d6aad417b9276963fa8871137fe753f?cid=454ac19c68f841c7a9f712be19a65d51,6,track,spotify:track:5pDabSsxF2KphzQZMcPo1J,https://open.spotify.com/track/5pDabSsxF2KphzQZMcPo1J,MOTS_Persona,G#,major,G# major
BTS,3Nrfpe0tUJi4K4DXYWgMUX,1vuZRBjsQH7B8x6wLFe9nz,album,,2019-04-12,2019,day,0.502,0.91,7,-2.769,1,0.107,0.04,0,0.319,0.588,176.084,1BodW0D2wzSDFozd1GlZOn,https://api.spotify.com/v1/audio-analysis/1BodW0D2wzSDFozd1GlZOn,4,,,1,249215,FALSE,https://api.spotify.com/v1/tracks/1BodW0D2wzSDFozd1GlZOn,FALSE,Dionysus,https://p.scdn.co/mp3-preview/5c3df2749867c02ebf8d76f22e0051ff48874b93?cid=454ac19c68f841c7a9f712be19a65d51,7,track,spotify:track:1BodW0D2wzSDFozd1GlZOn,https://open.spotify.com/track/1BodW0D2wzSDFozd1GlZOn,MOTS_Persona,G,major,G major
BTS,3Nrfpe0tUJi4K4DXYWgMUX,2KqlAl1Kl5fZvbFgJ0qFB6,album,,2019-04-12,2019,day,0.645,0.862,11,-4.761,0,0.0845,0.0933,0,0.193,0.803,119.947,4a9tbd947vo9K8Vti9JwcI,https://api.spotify.com/v1/audio-analysis/4a9tbd947vo9K8Vti9JwcI,4,,,1,229773,FALSE,https://api.spotify.com/v1/tracks/4a9tbd947vo9K8Vti9JwcI,FALSE,Boy With Luv (feat. Halsey),https://p.scdn.co/mp3-preview/c5e4b03bcf18d2b137370569baeb74a9dfce7e63?cid=454ac19c68f841c7a9f712be19a65d51,2,track,spotify:track:4a9tbd947vo9K8Vti9JwcI,https://open.spotify.com/track/4a9tbd947vo9K8Vti9JwcI,MOTS_Persona,B,minor,B minor
BTS,3Nrfpe0tUJi4K4DXYWgMUX,2KqlAl1Kl5fZvbFgJ0qFB6,album,,2019-04-12,2019,day,0.579,0.858,8,-5.212,1,0.114,0.125,0,0.0502,0.475,174.043,0jSccBRnhNU4KtACMQPvco,https://api.spotify.com/v1/audio-analysis/0jSccBRnhNU4KtACMQPvco,3,,,1,224225,FALSE,https://api.spotify.com/v1/tracks/0jSccBRnhNU4KtACMQPvco,FALSE,Mikrokosmos,https://p.scdn.co/mp3-preview/0db175501cc9bf42fc762bc240a9f1142c8b001a?cid=454ac19c68f841c7a9f712be19a65d51,3,track,spotify:track:0jSccBRnhNU4KtACMQPvco,https://open.spotify.com/track/0jSccBRnhNU4KtACMQPvco,MOTS_Persona,G#,major,G# major
BTS,3Nrfpe0tUJi4K4DXYWgMUX,1aAjA5rYVUh1JhVIafOmbQ,album,,2020-11-20,2020,day,0.566,0.716,1,-5.733,1,0.0424,0.00691,0,0.37,0.45,81.068,2klid0zSCvIkOjXa0EKbVd,https://api.spotify.com/v1/audio-analysis/2klid0zSCvIkOjXa0EKbVd,4,,,1,207481,FALSE,https://api.spotify.com/v1/tracks/2klid0zSCvIkOjXa0EKbVd,FALSE,Life Goes On,https://p.scdn.co/mp3-preview/fd53b34cdf00c5cbee869e035a7438e699c016c7?cid=454ac19c68f841c7a9f712be19a65d51,1,track,spotify:track:2klid0zSCvIkOjXa0EKbVd,https://open.spotify.com/track/2klid0zSCvIkOjXa0EKbVd,BE,C#,major,C# major
BTS,3Nrfpe0tUJi4K4DXYWgMUX,1aAjA5rYVUh1JhVIafOmbQ,album,,2020-11-20,2020,day,0.547,0.605,8,-6.755,1,0.0415,0.42,0,0.125,0.364,121.953,7jn7Twa2blnw4sx8w9Igu9,https://api.spotify.com/v1/audio-analysis/7jn7Twa2blnw4sx8w9Igu9,4,,,1,254950,FALSE,https://api.spotify.com/v1/tracks/7jn7Twa2blnw4sx8w9Igu9,FALSE,Blue & Grey,https://p.scdn.co/mp3-preview/0b1b321778c961a6f9b378f726a91951a8e72c51?cid=454ac19c68f841c7a9f712be19a65d51,3,track,spotify:track:7jn7Twa2blnw4sx8w9Igu9,https://open.spotify.com/track/7jn7Twa2blnw4sx8w9Igu9,BE,G#,major,G# major
BTS,3Nrfpe0tUJi4K4DXYWgMUX,1aAjA5rYVUh1JhVIafOmbQ,album,,2020-11-20,2020,day,0.703,0.321,4,-13.135,1,0.884,0.864,0,0.908,0.544,114.822,5WAiTRzC981eOxgldlxVd5,https://api.spotify.com/v1/audio-analysis/5WAiTRzC981eOxgldlxVd5,4,,,1,179547,FALSE,https://api.spotify.com/v1/tracks/5WAiTRzC981eOxgldlxVd5,FALSE,Skit,https://p.scdn.co/mp3-preview/1999bbfc048a9f702cc850749fbce9a15d797792?cid=454ac19c68f841c7a9f712be19a65d51,4,track,spotify:track:5WAiTRzC981eOxgldlxVd5,https://open.spotify.com/track/5WAiTRzC981eOxgldlxVd5,BE,E,major,E major
BTS,3Nrfpe0tUJi4K4DXYWgMUX,1aAjA5rYVUh1JhVIafOmbQ,album,,2020-11-20,2020,day,0.582,0.693,6,-5.048,1,0.0465,0.114,0,0.13,0.341,125.904,7izAEpXmZjjmvKKYuoSLRP,https://api.spotify.com/v1/audio-analysis/7izAEpXmZjjmvKKYuoSLRP,4,,,1,204800,FALSE,https://api.spotify.com/v1/tracks/7izAEpXmZjjmvKKYuoSLRP,FALSE,Stay,https://p.scdn.co/mp3-preview/284268cb4271900d5fd93a48df538184cbfec4f1?cid=454ac19c68f841c7a9f712be19a65d51,7,track,spotify:track:7izAEpXmZjjmvKKYuoSLRP,https://open.spotify.com/track/7izAEpXmZjjmvKKYuoSLRP,BE,F#,major,F# major
BTS,3Nrfpe0tUJi4K4DXYWgMUX,1aAjA5rYVUh1JhVIafOmbQ,album,,2020-11-20,2020,day,0.746,0.765,6,-4.41,0,0.0993,0.0112,0,0.0936,0.737,114.044,5aHwYjiSGgJAxy10mBMlDT,https://api.spotify.com/v1/audio-analysis/5aHwYjiSGgJAxy10mBMlDT,4,,,1,199053,FALSE,https://api.spotify.com/v1/tracks/5aHwYjiSGgJAxy10mBMlDT,FALSE,Dynamite,https://p.scdn.co/mp3-preview/98e266fea9df84fa3e5ca84934c513211e89489b?cid=454ac19c68f841c7a9f712be19a65d51,8,track,spotify:track:5aHwYjiSGgJAxy10mBMlDT,https://open.spotify.com/track/5aHwYjiSGgJAxy10mBMlDT,BE,F#,minor,F# minor
BTS,3Nrfpe0tUJi4K4DXYWgMUX,6nYfHQnvkvOTNHnOhDT3sr,album,,2020-11-20,2020,day,0.764,0.526,11,-7.355,1,0.212,0.0484,0,0.0718,0.588,114.91,1NHl9g36Ebu3g16y0vtUNV,https://api.spotify.com/v1/audio-analysis/1NHl9g36Ebu3g16y0vtUNV,4,,,1,222242,FALSE,https://api.spotify.com/v1/tracks/1NHl9g36Ebu3g16y0vtUNV,FALSE,Fly To My Room,https://p.scdn.co/mp3-preview/df70b5364f976b9c821b8c082848c0035cf7a240?cid=454ac19c68f841c7a9f712be19a65d51,2,track,spotify:track:1NHl9g36Ebu3g16y0vtUNV,https://open.spotify.com/track/1NHl9g36Ebu3g16y0vtUNV,BE,B,major,B major
BTS,3Nrfpe0tUJi4K4DXYWgMUX,6nYfHQnvkvOTNHnOhDT3sr,album,,2020-11-20,2020,day,0.787,0.669,5,-4.333,0,0.0428,0.00782,0,0.123,0.57,104.994,6Fnvi5QnVkTskSzeRvvQds,https://api.spotify.com/v1/audio-analysis/6Fnvi5QnVkTskSzeRvvQds,4,,,1,202313,FALSE,https://api.spotify.com/v1/tracks/6Fnvi5QnVkTskSzeRvvQds,FALSE,Telepathy,https://p.scdn.co/mp3-preview/1671818397cb4a869ce3f73ea30a1089157e67ea?cid=454ac19c68f841c7a9f712be19a65d51,5,track,spotify:track:6Fnvi5QnVkTskSzeRvvQds,https://open.spotify.com/track/6Fnvi5QnVkTskSzeRvvQds,BE,F,minor,F minor
BTS,3Nrfpe0tUJi4K4DXYWgMUX,6nYfHQnvkvOTNHnOhDT3sr,album,,2020-11-20,2020,day,0.731,0.845,8,-5.352,1,0.132,0.0132,0,0.0782,0.484,101.085,0hxeouHqP3qzpTHerA7ha2,https://api.spotify.com/v1/audio-analysis/0hxeouHqP3qzpTHerA7ha2,4,,,1,239722,FALSE,https://api.spotify.com/v1/tracks/0hxeouHqP3qzpTHerA7ha2,FALSE,Dis-ease,https://p.scdn.co/mp3-preview/706f469bf578ee27c5922e90bdc4d26aa8142ca9?cid=454ac19c68f841c7a9f712be19a65d51,6,track,spotify:track:0hxeouHqP3qzpTHerA7ha2,https://open.spotify.com/track/0hxeouHqP3qzpTHerA7ha2,BE,G#,major,G# major
BTS,3Nrfpe0tUJi4K4DXYWgMUX,1nScVw87kRJiT2bg2Kswhp,album,,2020-07-14,2020,day,0.723,0.634,1,-5.415,1,0.0542,0.0892,0,0.0787,0.582,129.017,3Ys2PYl1wyPKQIwyqhP9cQ,https://api.spotify.com/v1/audio-analysis/3Ys2PYl1wyPKQIwyqhP9cQ,4,,,1,243266,FALSE,https://api.spotify.com/v1/tracks/3Ys2PYl1wyPKQIwyqhP9cQ,FALSE,Stay Gold,NA,2,track,spotify:track:3Ys2PYl1wyPKQIwyqhP9cQ,https://open.spotify.com/track/3Ys2PYl1wyPKQIwyqhP9cQ,MOTS_Journey,C#,major,C# major
BTS,3Nrfpe0tUJi4K4DXYWgMUX,1nScVw87kRJiT2bg2Kswhp,album,,2020-07-14,2020,day,0.608,0.644,5,-5.588,1,0.0314,0.156,0,0.124,0.431,99.005,3TDUktzfYXMWjkWqwoT5F1,https://api.spotify.com/v1/audio-analysis/3TDUktzfYXMWjkWqwoT5F1,4,,,1,292853,FALSE,https://api.spotify.com/v1/tracks/3TDUktzfYXMWjkWqwoT5F1,FALSE,Lights,NA,11,track,spotify:track:3TDUktzfYXMWjkWqwoT5F1,https://open.spotify.com/track/3TDUktzfYXMWjkWqwoT5F1,MOTS_Journey,F,major,F major
BTS,3Nrfpe0tUJi4K4DXYWgMUX,1nScVw87kRJiT2bg2Kswhp,album,,2020-07-14,2020,day,0.449,0.491,9,-6.433,0,0.029,0.279,0,0.0654,0.258,139.923,3TZ7NHkMT82AhwuYsd00Hz,https://api.spotify.com/v1/audio-analysis/3TZ7NHkMT82AhwuYsd00Hz,4,,,1,245146,FALSE,https://api.spotify.com/v1/tracks/3TZ7NHkMT82AhwuYsd00Hz,FALSE,Your eyes tell,NA,12,track,spotify:track:3TZ7NHkMT82AhwuYsd00Hz,https://open.spotify.com/track/3TZ7NHkMT82AhwuYsd00Hz,MOTS_Journey,A,minor,A minor
BTS,3Nrfpe0tUJi4K4DXYWgMUX,4I1cAiu9Gko1xwJPZ4lViH,album,,2020-02-21,2020,day,0.384,0.798,9,-6.439,0,0.434,0.115,0,0.181,0.146,149.854,6dTQxiNU1qc0ob4BV9AxrH,https://api.spotify.com/v1/audio-analysis/6dTQxiNU1qc0ob4BV9AxrH,4,,,1,259821,FALSE,https://api.spotify.com/v1/tracks/6dTQxiNU1qc0ob4BV9AxrH,FALSE,Interlude : Shadow,https://p.scdn.co/mp3-preview/8c87a0fcea11d93ca7c86f4694a1c2f1edf99c96?cid=454ac19c68f841c7a9f712be19a65d51,6,track,spotify:track:6dTQxiNU1qc0ob4BV9AxrH,https://open.spotify.com/track/6dTQxiNU1qc0ob4BV9AxrH,MOTS_7,A,minor,A minor
BTS,3Nrfpe0tUJi4K4DXYWgMUX,4I1cAiu9Gko1xwJPZ4lViH,album,,2020-02-21,2020,day,0.719,0.757,2,-5.167,0,0.0849,0.137,0,0.129,0.489,147.024,31UyoQYfXdquugSTclaPG1,https://api.spotify.com/v1/audio-analysis/31UyoQYfXdquugSTclaPG1,4,,,1,198260,FALSE,https://api.spotify.com/v1/tracks/31UyoQYfXdquugSTclaPG1,FALSE,Black Swan,https://p.scdn.co/mp3-preview/eb4a5251d0154164a42c4f5617bdabbdb20b10ba?cid=454ac19c68f841c7a9f712be19a65d51,7,track,spotify:track:31UyoQYfXdquugSTclaPG1,https://open.spotify.com/track/31UyoQYfXdquugSTclaPG1,MOTS_7,D,minor,D minor
BTS,3Nrfpe0tUJi4K4DXYWgMUX,4I1cAiu9Gko1xwJPZ4lViH,album,,2020-02-21,2020,day,0.779,0.762,10,-5.188,0,0.0631,0.0224,0,0.121,0.859,110.043,1MIUb1YqTmBRnZrSxgxXEd,https://api.spotify.com/v1/audio-analysis/1MIUb1YqTmBRnZrSxgxXEd,4,,,1,180220,FALSE,https://api.spotify.com/v1/tracks/1MIUb1YqTmBRnZrSxgxXEd,FALSE,Filter,https://p.scdn.co/mp3-preview/d55bcdfb25b5bec54b0f3ccdd33123d0acf9062b?cid=454ac19c68f841c7a9f712be19a65d51,8,track,spotify:track:1MIUb1YqTmBRnZrSxgxXEd,https://open.spotify.com/track/1MIUb1YqTmBRnZrSxgxXEd,MOTS_7,A#,minor,A# minor
BTS,3Nrfpe0tUJi4K4DXYWgMUX,4I1cAiu9Gko1xwJPZ4lViH,album,,2020-02-21,2020,day,0.643,0.667,0,-6.947,0,0.151,0.0432,0,0.0904,0.478,145.999,12oB9TEj1ILuQEZt4VAs5e,https://api.spotify.com/v1/audio-analysis/12oB9TEj1ILuQEZt4VAs5e,4,,,1,217404,FALSE,https://api.spotify.com/v1/tracks/12oB9TEj1ILuQEZt4VAs5e,FALSE,Louder than bombs,https://p.scdn.co/mp3-preview/54bc0871f31d959b8fc2f214015b8cf60c3c2604?cid=454ac19c68f841c7a9f712be19a65d51,10,track,spotify:track:12oB9TEj1ILuQEZt4VAs5e,https://open.spotify.com/track/12oB9TEj1ILuQEZt4VAs5e,MOTS_7,C,minor,C minor
BTS,3Nrfpe0tUJi4K4DXYWgMUX,4I1cAiu9Gko1xwJPZ4lViH,album,,2020-02-21,2020,day,0.583,0.817,9,-5.146,0,0.099,0.118,0,0.338,0.437,105.935,2vh6yTfSkyO37hj5M3A3JW,https://api.spotify.com/v1/audio-analysis/2vh6yTfSkyO37hj5M3A3JW,4,,,1,246380,FALSE,https://api.spotify.com/v1/tracks/2vh6yTfSkyO37hj5M3A3JW,FALSE,ON,https://p.scdn.co/mp3-preview/398d6c00c422b1d401c8c3a4239d2c03f5a824c2?cid=454ac19c68f841c7a9f712be19a65d51,11,track,spotify:track:2vh6yTfSkyO37hj5M3A3JW,https://open.spotify.com/track/2vh6yTfSkyO37hj5M3A3JW,MOTS_7,A,minor,A minor
BTS,3Nrfpe0tUJi4K4DXYWgMUX,4I1cAiu9Gko1xwJPZ4lViH,album,,2020-02-21,2020,day,0.56,0.547,1,-6.456,1,0.0675,0.0806,0,0.11,0.199,157.962,39qNsDe6e6y0ZMBFYfVdx9,https://api.spotify.com/v1/audio-analysis/39qNsDe6e6y0ZMBFYfVdx9,4,,,1,250295,FALSE,https://api.spotify.com/v1/tracks/39qNsDe6e6y0ZMBFYfVdx9,FALSE,00:00 (Zero O’Clock),https://p.scdn.co/mp3-preview/f553f171ef282f810371358bb6550aa571db3be5?cid=454ac19c68f841c7a9f712be19a65d51,13,track,spotify:track:39qNsDe6e6y0ZMBFYfVdx9,https://open.spotify.com/track/39qNsDe6e6y0ZMBFYfVdx9,MOTS_7,C#,major,C# major
BTS,3Nrfpe0tUJi4K4DXYWgMUX,4I1cAiu9Gko1xwJPZ4lViH,album,,2020-02-21,2020,day,0.589,0.696,11,-7.981,1,0.0725,0.017,0,0.0808,0.33,134.953,42TGLajWw43lkOF671gtDE,https://api.spotify.com/v1/audio-analysis/42TGLajWw43lkOF671gtDE,4,,,1,233265,FALSE,https://api.spotify.com/v1/tracks/42TGLajWw43lkOF671gtDE,FALSE,Inner Child,https://p.scdn.co/mp3-preview/822e4d9fcf22c872a4bca5a5aef1690c8f3d5de9?cid=454ac19c68f841c7a9f712be19a65d51,14,track,spotify:track:42TGLajWw43lkOF671gtDE,https://open.spotify.com/track/42TGLajWw43lkOF671gtDE,MOTS_7,B,major,B major
BTS,3Nrfpe0tUJi4K4DXYWgMUX,4I1cAiu9Gko1xwJPZ4lViH,album,,2020-02-21,2020,day,0.704,0.646,6,-6.658,1,0.0596,0.0104,0,0.191,0.64,141.87,4IyZRfH1jGzXjVg9RH6a3p,https://api.spotify.com/v1/audio-analysis/4IyZRfH1jGzXjVg9RH6a3p,4,,,1,208589,FALSE,https://api.spotify.com/v1/tracks/4IyZRfH1jGzXjVg9RH6a3p,FALSE,Moon,https://p.scdn.co/mp3-preview/9c48b07f426e193592253e7be023566aa22e4251?cid=454ac19c68f841c7a9f712be19a65d51,16,track,spotify:track:4IyZRfH1jGzXjVg9RH6a3p,https://open.spotify.com/track/4IyZRfH1jGzXjVg9RH6a3p,MOTS_7,F#,major,F# major
BTS,3Nrfpe0tUJi4K4DXYWgMUX,4I1cAiu9Gko1xwJPZ4lViH,album,,2020-02-21,2020,day,0.661,0.838,0,-4.806,1,0.116,0.00491,0,0.287,0.526,91.463,1nkQNNXQIUvzA2kicC7mfX,https://api.spotify.com/v1/audio-analysis/1nkQNNXQIUvzA2kicC7mfX,4,,,1,237540,FALSE,https://api.spotify.com/v1/tracks/1nkQNNXQIUvzA2kicC7mfX,FALSE,Respect,https://p.scdn.co/mp3-preview/d7792929a045acef948f3a03775d7e6fbd7f8f70?cid=454ac19c68f841c7a9f712be19a65d51,17,track,spotify:track:1nkQNNXQIUvzA2kicC7mfX,https://open.spotify.com/track/1nkQNNXQIUvzA2kicC7mfX,MOTS_7,C,major,C major
BTS,3Nrfpe0tUJi4K4DXYWgMUX,4I1cAiu9Gko1xwJPZ4lViH,album,,2020-02-21,2020,day,0.522,0.574,9,-5.225,0,0.0317,0.224,0,0.108,0.176,84.044,4kHoeGe1iDCSdyueYtb3EV,https://api.spotify.com/v1/audio-analysis/4kHoeGe1iDCSdyueYtb3EV,4,,,1,261542,FALSE,https://api.spotify.com/v1/tracks/4kHoeGe1iDCSdyueYtb3EV,FALSE,We are Bulletproof : the Eternal,https://p.scdn.co/mp3-preview/153c12bd99306241e894703c946d2e3d325ab13c?cid=454ac19c68f841c7a9f712be19a65d51,18,track,spotify:track:4kHoeGe1iDCSdyueYtb3EV,https://open.spotify.com/track/4kHoeGe1iDCSdyueYtb3EV,MOTS_7,A,minor,A minor
BTS,3Nrfpe0tUJi4K4DXYWgMUX,4I1cAiu9Gko1xwJPZ4lViH,album,,2020-02-21,2020,day,0.808,0.903,0,-3.106,1,0.0957,0.0121,2.48e-4,0.0993,0.473,116.988,12aSYs0fRflbzSeaaQzZtp,https://api.spotify.com/v1/audio-analysis/12aSYs0fRflbzSeaaQzZtp,4,,,1,196198,FALSE,https://api.spotify.com/v1/tracks/12aSYs0fRflbzSeaaQzZtp,FALSE,Outro : Ego,https://p.scdn.co/mp3-preview/c9306c730c86e527bf12cf8e665d8ca2eaf0f941?cid=454ac19c68f841c7a9f712be19a65d51,19,track,spotify:track:12aSYs0fRflbzSeaaQzZtp,https://open.spotify.com/track/12aSYs0fRflbzSeaaQzZtp,MOTS_7,C,major,C major
BTS,3Nrfpe0tUJi4K4DXYWgMUX,4I1cAiu9Gko1xwJPZ4lViH,album,,2020-02-21,2020,day,0.591,0.848,9,-4.396,0,0.0828,0.137,0,0.372,0.385,105.924,2WLVBA5fOIIAHYb0DsRhDk,https://api.spotify.com/v1/audio-analysis/2WLVBA5fOIIAHYb0DsRhDk,4,,,1,246816,FALSE,https://api.spotify.com/v1/tracks/2WLVBA5fOIIAHYb0DsRhDk,FALSE,ON (Feat. Sia),https://p.scdn.co/mp3-preview/46f6ee672412ea663ddc9ff3836462c47e309ae0?cid=454ac19c68f841c7a9f712be19a65d51,20,track,spotify:track:2WLVBA5fOIIAHYb0DsRhDk,https://open.spotify.com/track/2WLVBA5fOIIAHYb0DsRhDk,MOTS_7,A,minor,A minor
BTS,3Nrfpe0tUJi4K4DXYWgMUX,5W1XY5ucNATjTULERvXx9j,album,,2020-02-21,2020,day,0.674,0.641,0,-5.139,0,0.0339,0.149,0,0.0925,0.664,99.91,0YJFlxeHMUr9MxSDQVuQJA,https://api.spotify.com/v1/audio-analysis/0YJFlxeHMUr9MxSDQVuQJA,4,,,1,234457,FALSE,https://api.spotify.com/v1/tracks/0YJFlxeHMUr9MxSDQVuQJA,FALSE,My Time,https://p.scdn.co/mp3-preview/2413bb07412e37c4653794b44b1d79d41254fb10?cid=454ac19c68f841c7a9f712be19a65d51,9,track,spotify:track:0YJFlxeHMUr9MxSDQVuQJA,https://open.spotify.com/track/0YJFlxeHMUr9MxSDQVuQJA,MOTS_7,C,minor,C minor
BTS,3Nrfpe0tUJi4K4DXYWgMUX,5W1XY5ucNATjTULERvXx9j,album,,2020-02-21,2020,day,0.72,0.824,10,-5.086,0,0.128,0.0394,0,0.0509,0.333,165.996,2QZe2H1f03t5PJWEMg2Mbe,https://api.spotify.com/v1/audio-analysis/2QZe2H1f03t5PJWEMg2Mbe,4,,,1,225012,FALSE,https://api.spotify.com/v1/tracks/2QZe2H1f03t5PJWEMg2Mbe,FALSE,UGH!,https://p.scdn.co/mp3-preview/441bf9abb133473cdab8af12f634a95a8e4561af?cid=454ac19c68f841c7a9f712be19a65d51,12,track,spotify:track:2QZe2H1f03t5PJWEMg2Mbe,https://open.spotify.com/track/2QZe2H1f03t5PJWEMg2Mbe,MOTS_7,A#,minor,A# minor
BTS,3Nrfpe0tUJi4K4DXYWgMUX,5W1XY5ucNATjTULERvXx9j,album,,2020-02-21,2020,day,0.55,0.747,1,-5.211,1,0.0407,0.0668,0,0.0536,0.649,79.979,5RjUtRlDonw3TBgGGMLC5b,https://api.spotify.com/v1/audio-analysis/5RjUtRlDonw3TBgGGMLC5b,4,,,1,199338,FALSE,https://api.spotify.com/v1/tracks/5RjUtRlDonw3TBgGGMLC5b,FALSE,Friends,https://p.scdn.co/mp3-preview/372841a84bc6f77efe7f99d184657badf87ac97f?cid=454ac19c68f841c7a9f712be19a65d51,15,track,spotify:track:5RjUtRlDonw3TBgGGMLC5b,https://open.spotify.com/track/5RjUtRlDonw3TBgGGMLC5b,MOTS_7,C#,major,C# major
BTS,3Nrfpe0tUJi4K4DXYWgMUX,6al2VdKbb6FIz9d7lU7WRB,album,,2022-06-10,2022,day,0.602,0.841,8,-3.334,0,0.109,0.0354,0,0.235,0.684,157.937,1IthE5GNiRzFN5CVaCa445,https://api.spotify.com/v1/audio-analysis/1IthE5GNiRzFN5CVaCa445,4,,,1,238628,FALSE,https://api.spotify.com/v1/tracks/1IthE5GNiRzFN5CVaCa445,FALSE,Born Singer,https://p.scdn.co/mp3-preview/ed6b39048436eed9b1fee17f17d412d8c9c56f56?cid=454ac19c68f841c7a9f712be19a65d51,1,track,spotify:track:1IthE5GNiRzFN5CVaCa445,https://open.spotify.com/track/1IthE5GNiRzFN5CVaCa445,Proof,G#,minor,G# minor
BTS,3Nrfpe0tUJi4K4DXYWgMUX,6al2VdKbb6FIz9d7lU7WRB,album,,2022-06-10,2022,day,0.482,0.858,5,-4.169,0,0.069,0.0218,0,0.244,0.737,158.075,1GunnGtZCSjLUAPG6yrDUC,https://api.spotify.com/v1/audio-analysis/1GunnGtZCSjLUAPG6yrDUC,4,,,1,210986,FALSE,https://api.spotify.com/v1/tracks/1GunnGtZCSjLUAPG6yrDUC,FALSE,I NEED U,https://p.scdn.co/mp3-preview/a6a3251316acdf90180bdf00ba8bb04929d84254?cid=454ac19c68f841c7a9f712be19a65d51,6,track,spotify:track:1GunnGtZCSjLUAPG6yrDUC,https://open.spotify.com/track/1GunnGtZCSjLUAPG6yrDUC,Proof,F,minor,F minor
BTS,3Nrfpe0tUJi4K4DXYWgMUX,6al2VdKbb6FIz9d7lU7WRB,album,,2022-06-10,2022,day,0.63,0.668,3,-4.266,0,0.0714,0.00287,0,0.125,0.529,99.949,5cQPIQAF2T1elxWs7EqB9W,https://api.spotify.com/v1/audio-analysis/5cQPIQAF2T1elxWs7EqB9W,4,,,1,203957,FALSE,https://api.spotify.com/v1/tracks/5cQPIQAF2T1elxWs7EqB9W,FALSE,Burning Up (FIRE),https://p.scdn.co/mp3-preview/9fef778a04718979f0d3ba47b1f62d8f5f17b95c?cid=454ac19c68f841c7a9f712be19a65d51,8,track,spotify:track:5cQPIQAF2T1elxWs7EqB9W,https://open.spotify.com/track/5cQPIQAF2T1elxWs7EqB9W,Proof,D#,minor,D# minor
BTS,3Nrfpe0tUJi4K4DXYWgMUX,6al2VdKbb6FIz9d7lU7WRB,album,,2022-06-10,2022,day,0.759,0.459,8,-5.187,1,0.0948,0.00323,0,0.0788,0.695,109.997,6jjYDGxVJsWS0a5wlVF5vS,https://api.spotify.com/v1/audio-analysis/6jjYDGxVJsWS0a5wlVF5vS,4,,,1,164952,FALSE,https://api.spotify.com/v1/tracks/6jjYDGxVJsWS0a5wlVF5vS,FALSE,Butter,https://p.scdn.co/mp3-preview/4d63fe1638aa41592706f835bd076443b09d8afa?cid=454ac19c68f841c7a9f712be19a65d51,18,track,spotify:track:6jjYDGxVJsWS0a5wlVF5vS,https://open.spotify.com/track/6jjYDGxVJsWS0a5wlVF5vS,Proof,G#,major,G# major
BTS,3Nrfpe0tUJi4K4DXYWgMUX,6al2VdKbb6FIz9d7lU7WRB,album,,2022-06-10,2022,day,0.559,0.885,1,-4.515,1,0.189,0.0432,0,0.333,0.683,172.029,10SRMwb9EuVS1K9rYsBfHQ,https://api.spotify.com/v1/audio-analysis/10SRMwb9EuVS1K9rYsBfHQ,4,,,1,193593,FALSE,https://api.spotify.com/v1/tracks/10SRMwb9EuVS1K9rYsBfHQ,FALSE,Yet To Come,https://p.scdn.co/mp3-preview/4cf5bfb6edab3acf59f370972492b813e2b07d60?cid=454ac19c68f841c7a9f712be19a65d51,19,track,spotify:track:10SRMwb9EuVS1K9rYsBfHQ,https://open.spotify.com/track/10SRMwb9EuVS1K9rYsBfHQ,Proof,C#,major,C# major
BTS,3Nrfpe0tUJi4K4DXYWgMUX,6al2VdKbb6FIz9d7lU7WRB,album,,2022-06-10,2022,day,0.724,0.818,8,-3.747,1,0.168,0.0201,0,0.0358,0.696,77.004,69xohKu8C1fsflYAiSNbwM,https://api.spotify.com/v1/audio-analysis/69xohKu8C1fsflYAiSNbwM,4,,,2,204939,FALSE,https://api.spotify.com/v1/tracks/69xohKu8C1fsflYAiSNbwM,FALSE,Run BTS,https://p.scdn.co/mp3-preview/abc4f797c5378fe6f4d664af3032c3d17e3a935f?cid=454ac19c68f841c7a9f712be19a65d51,1,track,spotify:track:69xohKu8C1fsflYAiSNbwM,https://open.spotify.com/track/69xohKu8C1fsflYAiSNbwM,Proof,G#,major,G# major
BTS,3Nrfpe0tUJi4K4DXYWgMUX,6al2VdKbb6FIz9d7lU7WRB,album,,2022-06-10,2022,day,0.798,0.919,7,-3.28,1,0.333,0.0216,0,0.641,0.655,140.053,1XkVZKfViRyaQcBWUEVwrd,https://api.spotify.com/v1/audio-analysis/1XkVZKfViRyaQcBWUEVwrd,4,,,2,268604,FALSE,https://api.spotify.com/v1/tracks/1XkVZKfViRyaQcBWUEVwrd,FALSE,BTS Cypher PT.3 : KILLER (Feat. Supreme Boi),https://p.scdn.co/mp3-preview/d75c8bcc6fc1aa22167b08c894f205bc7fe43873?cid=454ac19c68f841c7a9f712be19a65d51,7,track,spotify:track:1XkVZKfViRyaQcBWUEVwrd,https://open.spotify.com/track/1XkVZKfViRyaQcBWUEVwrd,Proof,G,major,G major
BTS,3Nrfpe0tUJi4K4DXYWgMUX,6al2VdKbb6FIz9d7lU7WRB,album,,2022-06-10,2022,day,0.633,0.511,2,-5.665,1,0.0368,0.434,0,0.248,0.29,116.855,4JzCFEc3O2UEdjKzevvFH5,https://api.spotify.com/v1/audio-analysis/4JzCFEc3O2UEdjKzevvFH5,3,,,3,264480,FALSE,https://api.spotify.com/v1/tracks/4JzCFEc3O2UEdjKzevvFH5,FALSE,For Youth,https://p.scdn.co/mp3-preview/7771cbed73e582f56c518a65d3aa4722d50c6912?cid=454ac19c68f841c7a9f712be19a65d51,1,track,spotify:track:4JzCFEc3O2UEdjKzevvFH5,https://open.spotify.com/track/4JzCFEc3O2UEdjKzevvFH5,Proof,D,major,D major
